uri,text,Ines_label,adash_label,consensus,original_label,image_url
at://did:plc:25krubja5rt6uzuns5ihfsra/app.bsky.feed.post/3loog4fbarc2t,,Unsafe,Unsafe,Unsafe,porn,https://huggingface.co/datasets/ines-abdelaziz/neurips-content-moderation/resolve/main/images/automod_unflagged/bafyreidmn3qdljx4x6d4xnyy5tzukzbhxxvpdyd6egeqlbct3um5i3qnxq.jpeg
at://did:plc:26cwbhrythd3dghfalxpezxs/app.bsky.feed.post/3lnuvnz76p22q,,Safe,Safe,Safe,self-harm,https://huggingface.co/datasets/ines-abdelaziz/neurips-content-moderation/resolve/main/images/automod_unflagged/bafyreibhvojvu7grpogr2ghxxzvhdnmuc3cg2t5blpyp5v4kser4tq72za.jpeg
at://did:plc:26h2iiqioab23ojhlsjublao/app.bsky.feed.post/3lpozbheng225,,Safe,Safe,Safe,self-harm,https://huggingface.co/datasets/ines-abdelaziz/neurips-content-moderation/resolve/main/images/automod_unflagged/bafyreid7nfbeeyjf5xrz66nzfvaj444nw2mhb5wayfifgplvws7l7rtqsa.jpeg
at://did:plc:27x2etibeg2dvwv7743dxlfx/app.bsky.feed.post/3lp5al6fjhk2e,,Safe,Unsafe,Disagree,porn,https://huggingface.co/datasets/ines-abdelaziz/neurips-content-moderation/resolve/main/images/automod_unflagged/bafyreic7oeimmtzju2vc2w5lobev65roq23pbdekeesaieblhy4byiqacq.jpeg
at://did:plc:2cte4wipyk47qjujtxrskqcx/app.bsky.feed.post/3lp3b2og7xk23,,Safe,Safe,Safe,graphic-media,https://huggingface.co/datasets/ines-abdelaziz/neurips-content-moderation/resolve/main/images/automod_unflagged/bafyreiclyjlye7jpdcb42ubi57jrtbgpfpvnlu3445uatzp2vyqwq6df4a.jpeg
at://did:plc:2eexdpaaaz2ai3ymyigtceoj/app.bsky.feed.post/3lppfzx5ejs26,,Safe,Safe,Safe,sexual,https://huggingface.co/datasets/ines-abdelaziz/neurips-content-moderation/resolve/main/images/automod_unflagged/bafyreidmayz2a7gkofnua2eyx5jqsfrress32taa5qkrfsz4cm5obskpwi.jpeg
at://did:plc:2jjirfqth4tn5i2qnze5mozh/app.bsky.feed.post/3lo2isqlmoc2p,,Safe,Safe,Safe,nudity,https://huggingface.co/datasets/ines-abdelaziz/neurips-content-moderation/resolve/main/images/automod_unflagged/bafyreihtcsw5lwnmzuxpyd3bc6kn64vxkebzeehhuyxdcu7o4pppfdhikq.jpeg
at://did:plc:2lj4njtpdhy6lclngrgejnxu/app.bsky.feed.post/3llvf5bhr7k2y,,Safe,Safe,Safe,graphic-media,https://huggingface.co/datasets/ines-abdelaziz/neurips-content-moderation/resolve/main/images/automod_unflagged/bafyreih7k5ahvn3wpnaju4z35lfmzrqr2xtcdearwgbqzo56kkqchze4zy.jpeg
at://did:plc:2oow4uik7eoze4cg5qyrtci5/app.bsky.feed.post/3lmkovrpjjk2h,,Unsafe,Unsafe,Unsafe,nudity,https://huggingface.co/datasets/ines-abdelaziz/neurips-content-moderation/resolve/main/images/automod_unflagged/bafyreigtf2kpowkly6k2quqg5keahft6efupu7qvj76ghj4vouqmbo73zu.jpeg
at://did:plc:2uajavwfcp4bja3ddjv24xk6/app.bsky.feed.post/3lqpco7fsdc2k,,Safe,Unsafe,Disagree,porn,https://huggingface.co/datasets/ines-abdelaziz/neurips-content-moderation/resolve/main/images/automod_unflagged/bafyreietldzax2pryqytictectbyp2kpzkqwrgp5n2ururk4auy4wc6cbe.jpeg
at://did:plc:2w2m3msosetxccols3yoh5xx/app.bsky.feed.post/3lq74xuv3gs2x,,Safe,Safe,Safe,graphic-media,https://huggingface.co/datasets/ines-abdelaziz/neurips-content-moderation/resolve/main/images/automod_unflagged/bafyreihun66yw2qd3hwwcy7eew5t4ek7kwl5lczzuoulcw7fx4sm7o62e4.jpeg
at://did:plc:3cizwirn6r374uk7ncothcg2/app.bsky.feed.post/3lnp5lnyybk2y,,Safe,Safe,Safe,graphic-media,https://huggingface.co/datasets/ines-abdelaziz/neurips-content-moderation/resolve/main/images/automod_unflagged/bafyreiex2tgyil2tovrutjq6h3bg3rjxb6s3rcnoho3vpqtnr7fvua3j5i.jpeg
at://did:plc:3ev2mb426nlhze533dubb462/app.bsky.feed.post/3louebn23qg25,,Safe,Safe,Safe,self-harm,https://huggingface.co/datasets/ines-abdelaziz/neurips-content-moderation/resolve/main/images/automod_unflagged/bafyreiamc57ech2k3wnop7z34vw4coztpnpnmlxwm2ehxkg76uf7f3s5ce.jpeg
at://did:plc:3mcozew2nrpmtt3trxrjgnzy/app.bsky.feed.post/3lne7t3vp4c2n,,Safe,Safe,Safe,porn,https://huggingface.co/datasets/ines-abdelaziz/neurips-content-moderation/resolve/main/images/automod_unflagged/bafyreihsdepcymp2c6sqnw5p5jy26c5lnnqxrt3sxed53dzurdagwaz6hu.jpeg
at://did:plc:3mn4bxkpf2rqmahj5uiwkpot/app.bsky.feed.post/3lnfo3ugous2x,,Safe,Safe,Safe,graphic-media,https://huggingface.co/datasets/ines-abdelaziz/neurips-content-moderation/resolve/main/images/automod_unflagged/bafyreifknxcqkzfxpqjvzel42ftcl6jxbuzjkosbs7zsjkcwkvherswwdq.jpeg
at://did:plc:3pe4l2etwvnxd4tdxv4a74ga/app.bsky.feed.post/3lktveajjqc23,,Safe,Safe,Safe,graphic-media,https://huggingface.co/datasets/ines-abdelaziz/neurips-content-moderation/resolve/main/images/automod_unflagged/bafyreid42siiv5z5lngyeoyeryszkp42gls7hnr2o6c35dmk7gqoku6lra.jpeg
at://did:plc:3pfgokruvphlh64edi22ijjf/app.bsky.feed.post/3lkvlgxkjek2e,,Safe,Safe,Safe,sexual,https://huggingface.co/datasets/ines-abdelaziz/neurips-content-moderation/resolve/main/images/automod_unflagged/bafyreievrkpqqafzhgboqmcsxez7bdey6la76fn6ik3sgfgg2nbtrj2yw4.jpeg
at://did:plc:3zjzuze5yp7q66ijwyw747lm/app.bsky.feed.post/3lqsw47ay7s2k,,Safe,Safe,Safe,sexual,https://huggingface.co/datasets/ines-abdelaziz/neurips-content-moderation/resolve/main/images/automod_unflagged/bafyreignih36vlrnxh7bctj7j5vurd6onn4v3523il2lwtrowlckmqoxai.jpeg
at://did:plc:42kpjz3ffdpzrtpa67wqj4cj/app.bsky.feed.post/3logwmhshas24,,Safe,Safe,Safe,nudity,https://huggingface.co/datasets/ines-abdelaziz/neurips-content-moderation/resolve/main/images/automod_unflagged/bafyreic6gemz3lgyhl6afn5p3pjiomjys3ajgedejzvorw4ktx4mja4cey.jpeg
at://did:plc:47u6yxj3ahx4tq7sbodn6ymu/app.bsky.feed.post/3lotvwmts2s26,,Safe,Safe,Safe,self-harm,https://huggingface.co/datasets/ines-abdelaziz/neurips-content-moderation/resolve/main/images/automod_unflagged/bafyreif76esqfwapkpf7tl4byrvr7ffwqr55vdokcstjdxnsaorjc4bg5q.jpeg
at://did:plc:4ep76mczbk23oc3z7elqkunm/app.bsky.feed.post/3lmkli3ecvc27,,Safe,Unsafe,Disagree,nudity,https://huggingface.co/datasets/ines-abdelaziz/neurips-content-moderation/resolve/main/images/automod_unflagged/bafyreif7iwuxgwtc2a5kyy3kd5jy7pb36egrqk5akacyrakizzgqmaek2y.jpeg
at://did:plc:4euc2ncyt7nqqpzz7nujc3cb/app.bsky.feed.post/3lozfzqd4as23,,Safe,Safe,Safe,nudity,https://huggingface.co/datasets/ines-abdelaziz/neurips-content-moderation/resolve/main/images/automod_unflagged/bafyreiahzuoblsk5xs3a5dz7ut23r4biby3ghludszxbbimya665p7d6fu.jpeg
at://did:plc:4i7xwq5tgasaziqv3klq2cn7/app.bsky.feed.post/3lqhv7zrusr26,,Safe,Safe,Safe,graphic-media,https://huggingface.co/datasets/ines-abdelaziz/neurips-content-moderation/resolve/main/images/automod_unflagged/bafyreigk4sdyt7f63n2xwh5qarjtob2avbdnuznev4qykcmetcj4uky6iq.jpeg
at://did:plc:4knaypsg7a2lahjzg6fhxsxm/app.bsky.feed.post/3lm5m4utnu22v,,Safe,Safe,Safe,sexual,https://huggingface.co/datasets/ines-abdelaziz/neurips-content-moderation/resolve/main/images/automod_unflagged/bafyreia7cboaoj7buo5w32fp2jdi2q5ofg5tdkoy5wagizoahtwcaj4tyi.jpeg
at://did:plc:4pnnl4fjqnfqouylqewszfgn/app.bsky.feed.post/3lnyy4f3gis2k,,Safe,Safe,Safe,self-harm,https://huggingface.co/datasets/ines-abdelaziz/neurips-content-moderation/resolve/main/images/automod_unflagged/bafyreibisyzuh7wncv4beyfk4k4pk7zej5dkw67xw4j3sbeiczawxkz6qy.jpeg
at://did:plc:4s35fcqxe4knacxq6okoq5jg/app.bsky.feed.post/3lr576mme222o,,Safe,Safe,Safe,sexual,https://huggingface.co/datasets/ines-abdelaziz/neurips-content-moderation/resolve/main/images/automod_unflagged/bafyreigvph6gbijxshbgbx3qgu5o6qzeh53wgodpdon5xkymefdtfs7dp4.jpeg
at://did:plc:4sddbhoaa275kyb4fmq33poe/app.bsky.feed.post/3lp7yvyjwbk2u,,Safe,Unsafe,Disagree,nudity,https://huggingface.co/datasets/ines-abdelaziz/neurips-content-moderation/resolve/main/images/automod_unflagged/bafyreiblzfiqcf6pil4crsmou2rcdd426c6rstycr45bpvxmcjtdmp6ela.jpeg
at://did:plc:4uu6qmeeuagzoh56f7zpjp7t/app.bsky.feed.post/3ln3tdbix6s2v,,Safe,Safe,Safe,nudity,https://huggingface.co/datasets/ines-abdelaziz/neurips-content-moderation/resolve/main/images/automod_unflagged/bafyreigb3sr4vkxq24ry2yvah2a4j6ghwihbetksqydclrciav75p4gdzi.jpeg
at://did:plc:55mxt4inqycnsmkaebqk6mo6/app.bsky.feed.post/3lonzcptyq226,,Safe,Safe,Safe,graphic-media,https://huggingface.co/datasets/ines-abdelaziz/neurips-content-moderation/resolve/main/images/automod_unflagged/bafyreidxbvgkaytlj2zyxqitiqvl3liai4lq7lmwzqtfpjy32zlajypf3a.jpeg
at://did:plc:5c6lhf2uegldmp6zwu6dgyiw/app.bsky.feed.post/3lpfrxe7w6c26,,Unsafe,Unsafe,Unsafe,self-harm,https://huggingface.co/datasets/ines-abdelaziz/neurips-content-moderation/resolve/main/images/automod_unflagged/bafyreif7zqzd5uihd3a5v7umzygwjcqq3q43obclypeycp75vkvyacxioy.jpeg
at://did:plc:5prsfctbg5ol5vjreciv2ubq/app.bsky.feed.post/3lmetlmuf3c2c,,Safe,Unsafe,Disagree,nudity,https://huggingface.co/datasets/ines-abdelaziz/neurips-content-moderation/resolve/main/images/automod_unflagged/bafyreiaeyje7sjjujt4vmvpeqp2mz4s2wvjpyvpevyyp76rot23vdoiiii.jpeg
at://did:plc:5rzufhyxvobpthz4resxwbdg/app.bsky.feed.post/3lq4fh4yk7c2j,,Safe,Unsafe,Disagree,porn,https://huggingface.co/datasets/ines-abdelaziz/neurips-content-moderation/resolve/main/images/automod_unflagged/bafyreibm4hfoe6vwgrazzngzoq7luqzzfys5vjtdgqccllx7akzvemxc3m.jpeg
at://did:plc:5tm74ys25n5i3ewbompwcojz/app.bsky.feed.post/3lmndb7cwtr2s,,Safe,Safe,Safe,graphic-media,https://huggingface.co/datasets/ines-abdelaziz/neurips-content-moderation/resolve/main/images/automod_unflagged/bafyreih744aboestbros3cjfi3uql4y26xqz6htrlivf3h6f6vuxtd4rha.jpeg
at://did:plc:5um36mghrcecxziljiq45maf/app.bsky.feed.post/3lort7jhtcc2a,,Safe,Safe,Safe,nudity,https://huggingface.co/datasets/ines-abdelaziz/neurips-content-moderation/resolve/main/images/automod_unflagged/bafyreihz3gzi72c3pernxcnpmhowr4enfudr7ou7ispljigl2yhdfouj5q.jpeg
at://did:plc:5x2tojxvdoqubv4w7iusn5x5/app.bsky.feed.post/3lmdetqcqls24,,Safe,Safe,Safe,graphic-media,https://huggingface.co/datasets/ines-abdelaziz/neurips-content-moderation/resolve/main/images/automod_unflagged/bafyreihu2l7iv5gyfh6ajossyixn6wuict22ptxfl5636uyvikj6mnmq64.jpeg
at://did:plc:5yrrg4z33crd2tu5a2actnik/app.bsky.feed.post/3llhql74quc2c,,Safe,Unsafe,Disagree,nudity,https://huggingface.co/datasets/ines-abdelaziz/neurips-content-moderation/resolve/main/images/automod_unflagged/bafyreig4qwiu7wi7vc7wvmxsos4qyj7bb4iykluhntmjpe637bpwikyazi.jpeg
at://did:plc:5zf4yxfzhgxoberddracc734/app.bsky.feed.post/3lo7hbqopms2u,,Unsafe,Unsafe,Unsafe,nudity,https://huggingface.co/datasets/ines-abdelaziz/neurips-content-moderation/resolve/main/images/automod_unflagged/bafyreid6eehv6fi2mtcy4c2zmsh3xohpc5szyavag7ofyietf3m2fj2xze.jpeg
at://did:plc:5ztthozxao6kk7sgadgjugn2/app.bsky.feed.post/3llz6s7ztpc2l,,Safe,Safe,Safe,porn,https://huggingface.co/datasets/ines-abdelaziz/neurips-content-moderation/resolve/main/images/automod_unflagged/bafyreiakbbrxnzrgmuxgmvxzqz2jxelqwndjshdzydmcucllydlwqecxwq.jpeg
at://did:plc:636x47bnka3arqrjtdjoftc3/app.bsky.feed.post/3lmnkci7t622m,,Safe,Safe,Safe,nudity,https://huggingface.co/datasets/ines-abdelaziz/neurips-content-moderation/resolve/main/images/automod_unflagged/bafyreid4yei3dq37i3skntdsizdjlthdwn7bakwjsdmhvpmer6c2bd3vei.jpeg
at://did:plc:63gd6dd34lples3yqgpqy3lx/app.bsky.feed.post/3lpktcgjq322k,,Safe,Safe,Safe,sexual,https://huggingface.co/datasets/ines-abdelaziz/neurips-content-moderation/resolve/main/images/automod_unflagged/bafyreiepmkq7e63tpg7p5sbpmlerfolp62vkllg6h2krqpn7twbgr7ibua.jpeg
at://did:plc:63lomkz7rqsd23ox4qu3ytaa/app.bsky.feed.post/3lmfz6h2yr222,,Safe,Safe,Safe,self-harm,https://huggingface.co/datasets/ines-abdelaziz/neurips-content-moderation/resolve/main/images/automod_unflagged/bafyreie2k4hsdeqayoktgxuxwyx4s6hop5oden4jb32c6gztr4nc64jp6q.jpeg
at://did:plc:643jegqpbw2b6g2ockv6iqd7/app.bsky.feed.post/3lojd676irs24,,Safe,Safe,Safe,self-harm,https://huggingface.co/datasets/ines-abdelaziz/neurips-content-moderation/resolve/main/images/automod_unflagged/bafyreifzdb4q4minq56ercm5wxot5siw5ijkrllrtkadsi7wasg6zdq27e.jpeg
at://did:plc:65opjpwihrqvigbgfn27innl/app.bsky.feed.post/3lqlvnrq77s27,,Unsafe,Unsafe,Unsafe,sexual,https://huggingface.co/datasets/ines-abdelaziz/neurips-content-moderation/resolve/main/images/automod_unflagged/bafyreic24qekskdrnw63bukr2cmmqfr5ut76awwyphbz7v5imqptommbce.jpeg
at://did:plc:6f62ahnf7rlp7vq4atarvery/app.bsky.feed.post/3ln23jkyfos2u,,Safe,Safe,Safe,sexual,https://huggingface.co/datasets/ines-abdelaziz/neurips-content-moderation/resolve/main/images/automod_unflagged/bafyreiahlutmxvffwm2fg7dvigzzv2truld7lxkdo2guwnoz5mjo2qf3ea.jpeg
at://did:plc:6gl43owofo4crmadzq5y7lno/app.bsky.feed.post/3lq6j2zq2m22u,,Unsafe,Safe,Disagree,self-harm,https://huggingface.co/datasets/ines-abdelaziz/neurips-content-moderation/resolve/main/images/automod_unflagged/bafyreihl2cx2e42dfuh7bshqrnx7daxpeglq72e247nh24b5gx3ycv2vnq.jpeg
at://did:plc:6kkewbkmu34p5j5tcnl2slyw/app.bsky.feed.post/3ln4yhg5ms22q,,Safe,Safe,Safe,sexual,https://huggingface.co/datasets/ines-abdelaziz/neurips-content-moderation/resolve/main/images/automod_unflagged/bafyreia76drsdidsfjat6cz5oxirpvutncjhyww5avxfwi4srwfe6aduhy.jpeg
at://did:plc:6m2rg3xp2oky3hdqehezjud5/app.bsky.feed.post/3lo5g32ftbk2b,,Safe,Safe,Safe,nudity,https://huggingface.co/datasets/ines-abdelaziz/neurips-content-moderation/resolve/main/images/automod_unflagged/bafyreibfj26cn5lat32o45gemx4smv3mbu3cqtt7wj4c3dwbj5ux7al2im.jpeg
at://did:plc:6mkufghihmoxllmyuaqirpuj/app.bsky.feed.post/3lo2daahjwc2y,,Safe,Safe,Safe,graphic-media,https://huggingface.co/datasets/ines-abdelaziz/neurips-content-moderation/resolve/main/images/automod_unflagged/bafyreiaqhpvfbkmjbom5rwdjj3mxrp25grfz5uq53eaa343kav56fwzffa.jpeg
at://did:plc:6uskmaoa5qklvykl53r4aojk/app.bsky.feed.post/3ll4uthhtzk2w,,Safe,Safe,Safe,graphic-media,https://huggingface.co/datasets/ines-abdelaziz/neurips-content-moderation/resolve/main/images/automod_unflagged/bafyreigsdofbplnmtx6osjhhaeupiwxedvqlxdxq5kcrcs2b2jnw5dstpi.jpeg
at://did:plc:6vhbt3txfyia5ixbs6fk5evl/app.bsky.feed.post/3lrdfs6z2kk25,,Safe,Safe,Safe,porn,https://huggingface.co/datasets/ines-abdelaziz/neurips-content-moderation/resolve/main/images/automod_unflagged/bafyreigysgh4getrazkrhwhdumu7onz5nvxim7xh535zpa5vbiaoogpex4.jpeg
at://did:plc:6yk5sc7ntosia3p6ocwsfplr/app.bsky.feed.post/3lnjp6y22wa23,,Safe,Unsafe,Disagree,sexual,https://huggingface.co/datasets/ines-abdelaziz/neurips-content-moderation/resolve/main/images/automod_unflagged/bafyreiaq3hki3sak4hjpep4a4423z2s4u2d5imidio4tjgchicn4bkd36e.jpeg
at://did:plc:754ro747dkiiparza2ro7tia/app.bsky.feed.post/3lnrlfrtgkk2i,,Safe,Safe,Safe,sexual,https://huggingface.co/datasets/ines-abdelaziz/neurips-content-moderation/resolve/main/images/automod_unflagged/bafyreic4dewtxagopw7mu4cd52hmcydf26gtgwtfkxztcmzzmn5c4w2vki.jpeg
at://did:plc:7a7bkssjdhhy6jnoij4tsq52/app.bsky.feed.post/3lqqrht34cs2j,,Safe,Safe,Safe,graphic-media,https://huggingface.co/datasets/ines-abdelaziz/neurips-content-moderation/resolve/main/images/automod_unflagged/bafyreib3gmmvthog5v7zmhye4e4rgkhppumgn4qgkkor6t2luycqqfbvce.jpeg
at://did:plc:7aux2ugvoxwh26f5uy2akw4d/app.bsky.feed.post/3loo6mib7qk2j,,Safe,Safe,Safe,nudity,https://huggingface.co/datasets/ines-abdelaziz/neurips-content-moderation/resolve/main/images/automod_unflagged/bafyreiaxqx64u4d75awk2mpijt3ddjpa2m7dqqwhuxyqsls4uatnisadv4.jpeg
at://did:plc:7crxkzpmdd453ojocu4zjyoy/app.bsky.feed.post/3log6f3bgzk2k,,Safe,Safe,Safe,graphic-media,https://huggingface.co/datasets/ines-abdelaziz/neurips-content-moderation/resolve/main/images/automod_unflagged/bafyreibimhmct55hlgxoph5sqwdkcrrnow3dv7s4cv63s7osezti3b7z7a.jpeg
at://did:plc:7ihun47smlzf5gtavo3fstxa/app.bsky.feed.post/3lqtenpfsgc2s,,Safe,Safe,Safe,self-harm,https://huggingface.co/datasets/ines-abdelaziz/neurips-content-moderation/resolve/main/images/automod_unflagged/bafyreic2pylqltmczc5g2kpccgntefxqox4e22jd2jt67iuezjyi57vbqi.jpeg
at://did:plc:7jmayyz653foak42iihnymri/app.bsky.feed.post/3lkz6xx2fnc2p,,Safe,Safe,Safe,porn,https://huggingface.co/datasets/ines-abdelaziz/neurips-content-moderation/resolve/main/images/automod_unflagged/bafyreiefxkjmhhs2tktm6zbn6ijemvyikmwtub3u3ahkozyduzvm2lcqwe.jpeg
at://did:plc:7keearobxtdtstqyw2ifywfu/app.bsky.feed.post/3lo6zyrhqyk2h,,Safe,Safe,Safe,porn,https://huggingface.co/datasets/ines-abdelaziz/neurips-content-moderation/resolve/main/images/automod_unflagged/bafyreidnggis46trdnvjrm7cgzeqr2nkxy2nfoomwrn75zzarhhsea4d3a.jpeg
at://did:plc:7lpmcsqdwq2r5uph3gcjsxsq/app.bsky.feed.post/3lpneftoppk2d,,Safe,Safe,Safe,self-harm,https://huggingface.co/datasets/ines-abdelaziz/neurips-content-moderation/resolve/main/images/automod_unflagged/bafyreiggojevnrzjh5f6mroasetz53neqtuvjkozxn4t4sn7rtgm22tw4e.jpeg
at://did:plc:7ombdmiqvufaffedsrspe5if/app.bsky.feed.post/3lobdrgfi4s2p,,Safe,Safe,Safe,porn,https://huggingface.co/datasets/ines-abdelaziz/neurips-content-moderation/resolve/main/images/automod_unflagged/bafyreidmybw4z77tkxxvyn62yi7frr5yivlojey6d7ytt5t6wbr5breaoi.jpeg
at://did:plc:7t3nsy6lsogyiqagbnlnzi2u/app.bsky.feed.post/3lldep5rydk2p,,Safe,Safe,Safe,self-harm,https://huggingface.co/datasets/ines-abdelaziz/neurips-content-moderation/resolve/main/images/automod_unflagged/bafyreidyo2zybuokldgcabgsovahhfodl7jo7mzkigo6uviu35bu3fudj4.jpeg
at://did:plc:7xha3hvvusupwmbvforycv5j/app.bsky.feed.post/3lo4nabg3ic24,,Safe,Safe,Safe,nudity,https://huggingface.co/datasets/ines-abdelaziz/neurips-content-moderation/resolve/main/images/automod_unflagged/bafyreieofkgcvltae65xstkz7hbo5smzbbqdb5x3ark7w5ftkjsk3mvdzy.jpeg
at://did:plc:a4porbzs6epnis6jxh5gkr5p/app.bsky.feed.post/3lp4qefl6w32o,,Safe,Safe,Safe,nudity,https://huggingface.co/datasets/ines-abdelaziz/neurips-content-moderation/resolve/main/images/automod_unflagged/bafyreigyc6r7s7kyxhiwyj46fdlbep773efd3mpf52eddy2j76wk2i6d5q.jpeg
at://did:plc:afxc6locdkxx3dxqgiczqbi6/app.bsky.feed.post/3lr5gg5hbec2y,,Safe,Safe,Safe,graphic-media,https://huggingface.co/datasets/ines-abdelaziz/neurips-content-moderation/resolve/main/images/automod_unflagged/bafyreieqbt2b5ubqbpavwtt5sqhcfwbisecblzzd4ehyotqp2m7eq5rgxq.jpeg
at://did:plc:aj2pufvwektgyyw47fykqswh/app.bsky.feed.post/3lnq6fgfojs2n,,Safe,Safe,Safe,graphic-media,https://huggingface.co/datasets/ines-abdelaziz/neurips-content-moderation/resolve/main/images/automod_unflagged/bafyreihvm6nfltimoxllx7fih34yfkckcanhwt7sh3j7u4dbhalxye6xle.jpeg
at://did:plc:asw2rgojl7zdelt536bzpunt/app.bsky.feed.post/3ll6kousi222l,,Safe,Safe,Safe,graphic-media,https://huggingface.co/datasets/ines-abdelaziz/neurips-content-moderation/resolve/main/images/automod_unflagged/bafyreifzfspjlan23taqevaei6lnsraq537huf5hjrxh5ylwqjomlitkcy.jpeg
at://did:plc:auerxofgrhsez4etki7bgeak/app.bsky.feed.post/3lqw6r7wgxs25,,Safe,Safe,Safe,nudity,https://huggingface.co/datasets/ines-abdelaziz/neurips-content-moderation/resolve/main/images/automod_unflagged/bafyreidrgvnfhzzlw6eawsm7e5luheuic23uwiy5kzk4dus4qrio5df62u.jpeg
at://did:plc:awibwgpgfgdgqnuiqe7ac6el/app.bsky.feed.post/3ln6pg7x4ec22,,Safe,Safe,Safe,porn,https://huggingface.co/datasets/ines-abdelaziz/neurips-content-moderation/resolve/main/images/automod_unflagged/bafyreiaun3z6c6n7a56zyzpcjjwljnjqmggutaxbnuijticngcvqbulw5q.jpeg
at://did:plc:b5gx4zuwa2uoaipss3z7uk2b/app.bsky.feed.post/3lpsvvuygvs2s,,Safe,Safe,Safe,graphic-media,https://huggingface.co/datasets/ines-abdelaziz/neurips-content-moderation/resolve/main/images/automod_unflagged/bafyreigxjv45y22avycjo6eskfpb3nn2uxnvvhy6z3gvspjulpmnfripsa.jpeg
at://did:plc:bbjnm5nwwb2cueqyi7bjcggy/app.bsky.feed.post/3llx3tmktjc2q,,Safe,Safe,Safe,sexual,https://huggingface.co/datasets/ines-abdelaziz/neurips-content-moderation/resolve/main/images/automod_unflagged/bafyreibshbw5xkmgxfmtiy2cyfj3thni75eitg3d6omvv27v3ehtq5qohm.jpeg
at://did:plc:beinqal3yzuwbuxuzxvrfpx2/app.bsky.feed.post/3lnvqbmrurc26,,Safe,Safe,Safe,self-harm,https://huggingface.co/datasets/ines-abdelaziz/neurips-content-moderation/resolve/main/images/automod_unflagged/bafyreiflggr4io6w64dwz5wthaqobbswvykzwpjpyklubni2uqabw6iefi.jpeg
at://did:plc:bhzg3v665vam3a4pyivvpqy7/app.bsky.feed.post/3lksrnmadns2w,,Safe,Safe,Safe,sexual,https://huggingface.co/datasets/ines-abdelaziz/neurips-content-moderation/resolve/main/images/automod_unflagged/bafyreigt7hxk74pv7ehfguuokcfnkcas6nqvpepb3woxoitxfo3vhaauge.jpeg
at://did:plc:bmmhzqvmbclbx3vcuwk2bj6c/app.bsky.feed.post/3ln7sa7efic2l,,Safe,Safe,Safe,porn,https://huggingface.co/datasets/ines-abdelaziz/neurips-content-moderation/resolve/main/images/automod_unflagged/bafyreiauurhjkjj4lcfurmfabm35bigq7zemjp3tqtz6uwcqevgloqej2q.jpeg
at://did:plc:bn7reewnekcan32p7e6nglf4/app.bsky.feed.post/3lpjkpxmywk2f,,Safe,Safe,Safe,sexual,https://huggingface.co/datasets/ines-abdelaziz/neurips-content-moderation/resolve/main/images/automod_unflagged/bafyreihp5l32wkajye2jv5lmxe5gszrlzuy27r3lowlmvf567pqmm77pri.jpeg
at://did:plc:btsrvsg46xhqllyxlxntfjxd/app.bsky.feed.post/3llomava7yk2i,,Unsafe,Unsafe,Unsafe,porn,https://huggingface.co/datasets/ines-abdelaziz/neurips-content-moderation/resolve/main/images/automod_unflagged/bafyreifcph4md4jkrtvmaqhphjnuhtcdk4jyynjej2ieyg3gjvnjh5lysi.jpeg
at://did:plc:bvxzvzsqc6724mqq7kisfsts/app.bsky.feed.post/3lr3zqish7225,,Safe,Safe,Safe,graphic-media,https://huggingface.co/datasets/ines-abdelaziz/neurips-content-moderation/resolve/main/images/automod_unflagged/bafyreigb5d33lip34il4sbpc3an2zd35lrneomqvyrbtrguuzpqiccaoe4.jpeg
at://did:plc:bx3lovbvspxsrotgz4srdigh/app.bsky.feed.post/3lmtc7eqnze2t,,Safe,Safe,Safe,sexual,https://huggingface.co/datasets/ines-abdelaziz/neurips-content-moderation/resolve/main/images/automod_unflagged/bafyreia3jrstkall5trpik5f5vaokkcwekozc32yuw43hlyvlp6at26ki4.jpeg
at://did:plc:bx6winsbxw3yuilkqydixiym/app.bsky.feed.post/3lpwunp2akt2h,,Safe,Safe,Safe,graphic-media,https://huggingface.co/datasets/ines-abdelaziz/neurips-content-moderation/resolve/main/images/automod_unflagged/bafyreiahv6hb4ehluia3fhptk3tlnkf3z3xu44xzmvkj536lbwslps7xum.jpeg
at://did:plc:c23sxpxjyd3wjccdxkg3vlaf/app.bsky.feed.post/3lqdn3swea227,,Unsafe,Unsafe,Unsafe,sexual,https://huggingface.co/datasets/ines-abdelaziz/neurips-content-moderation/resolve/main/images/automod_unflagged/bafyreicoahm45jdq32bf5sj2xldctxpjeqitrog5xoxwdur7qgte2gp4um.jpeg
at://did:plc:c5a7ideqboc3l44lfks6t3c4/app.bsky.feed.post/3lrdesmaswk2h,,Safe,Safe,Safe,self-harm,https://huggingface.co/datasets/ines-abdelaziz/neurips-content-moderation/resolve/main/images/automod_unflagged/bafyreiedd4y5ztsvefosqgnewjybcpgbfe4ak4mxrcelfpaopkcaau57xm.jpeg
at://did:plc:c6lrel7rdsixpdm77lo52eqh/app.bsky.feed.post/3lmppvmcplc2r,,Safe,Safe,Safe,nudity,https://huggingface.co/datasets/ines-abdelaziz/neurips-content-moderation/resolve/main/images/automod_unflagged/bafyreid5umdeee42sybd5iiuqfvkdepgo3rf2f3wlroxouo7dtygot4uze.jpeg
at://did:plc:c7ynhlx64a7kgiw6yne3a2dn/app.bsky.feed.post/3lkrbpxalss2v,,Unsafe,Safe,Disagree,sexual,https://huggingface.co/datasets/ines-abdelaziz/neurips-content-moderation/resolve/main/images/automod_unflagged/bafyreifblwniqersbhdjvqc5ey2wxxhaxnr77ia6yxowm7vzii46qtveny.jpeg
at://did:plc:cgzn3fekecniq72j5na7zuvs/app.bsky.feed.post/3lmfibxloh22h,,Unsafe,Unsafe,Unsafe,porn,https://huggingface.co/datasets/ines-abdelaziz/neurips-content-moderation/resolve/main/images/automod_unflagged/bafyreia7wvmbn4di6saohf4byufmy63sgamlggfsw6vtmddhyb3jp52ma4.jpeg
at://did:plc:cnc5yur6s7edybrshq2hgvuy/app.bsky.feed.post/3llfhciuta22h,,Safe,Safe,Safe,sexual,https://huggingface.co/datasets/ines-abdelaziz/neurips-content-moderation/resolve/main/images/automod_unflagged/bafyreickj3luwycoaixeeoge35dzqz7x5j6juemo3k2hzhom42z5mokabe.jpeg
at://did:plc:cudmolbhrwaggeufyrplnusr/app.bsky.feed.post/3lq3igeqh5c2u,,Safe,Unsafe,Disagree,sexual,https://huggingface.co/datasets/ines-abdelaziz/neurips-content-moderation/resolve/main/images/automod_unflagged/bafyreihy7ehwlquvajkwzf3e3av2cwungccuws2qmw3ncw3fash465jcwq.jpeg
at://did:plc:d3shydj73dlfac7mwm6ibiml/app.bsky.feed.post/3loopeoywjk2g,,Safe,Safe,Safe,graphic-media,https://huggingface.co/datasets/ines-abdelaziz/neurips-content-moderation/resolve/main/images/automod_unflagged/bafyreibtvgc6onyddqfuwtqpxlq4shaqhjhrvaqpbcl2dmwpgpqfgmcgpe.jpeg
at://did:plc:d4p36zenp2pjw2lj4fnh6phd/app.bsky.feed.post/3lncecfcts22t,,Unsafe,Unsafe,Unsafe,self-harm,https://huggingface.co/datasets/ines-abdelaziz/neurips-content-moderation/resolve/main/images/automod_unflagged/bafyreiaml4sjrbrszuhavbeuaclks5fmi6pbmgyzghkbgfvy6hevthqziq.jpeg
at://did:plc:d5ed3fmklyqhv7maygtaopzv/app.bsky.feed.post/3loo3uruwgs24,,Unsafe,Unsafe,Unsafe,self-harm,https://huggingface.co/datasets/ines-abdelaziz/neurips-content-moderation/resolve/main/images/automod_unflagged/bafyreia32xqdalahfx4lgyumg2hxarq3zwiwojvtnm33limtzhgomzouee.jpeg
at://did:plc:dcj5ohng3ogew44swjhzqu37/app.bsky.feed.post/3llvqq6d3qp2r,,Unsafe,Safe,Disagree,graphic-media,https://huggingface.co/datasets/ines-abdelaziz/neurips-content-moderation/resolve/main/images/automod_unflagged/bafyreigei4rc6ir44dilfl4pviqoqzdyrqgom3xihbu2elkukqyuf4qite.jpeg
at://did:plc:decdl5fsalxfdzp43n7gitpj/app.bsky.feed.post/3lo6robi3uc2e,,Safe,Safe,Safe,graphic-media,https://huggingface.co/datasets/ines-abdelaziz/neurips-content-moderation/resolve/main/images/automod_unflagged/bafyreihkhuigunodwajgph54r7toyhmkbax456vks7q32d3gqoqcgbm7fa.jpeg
at://did:plc:dhjrr4htv5acmcduxm7vxmkh/app.bsky.feed.post/3lptmr7jcfs26,,Unsafe,Unsafe,Unsafe,porn,https://huggingface.co/datasets/ines-abdelaziz/neurips-content-moderation/resolve/main/images/automod_unflagged/bafyreigc42lrivsreasbox5jc2fto3lox2os2olzkehhurpplsn3c7txny.jpeg
at://did:plc:dj2shhcjpkrnfh7xm5bu5bze/app.bsky.feed.post/3loeogalkis2d,,Safe,Safe,Safe,nudity,https://huggingface.co/datasets/ines-abdelaziz/neurips-content-moderation/resolve/main/images/automod_unflagged/bafyreig6wt4pzturs5s2y2pxkuqyrb2cyz5ls6u73buia2wz3pzf5hpk7q.jpeg
at://did:plc:dmq5ednjawegf74errv5w2nz/app.bsky.feed.post/3lqfr3wjftk2g,,Safe,Safe,Safe,self-harm,https://huggingface.co/datasets/ines-abdelaziz/neurips-content-moderation/resolve/main/images/automod_unflagged/bafyreifhdx5cmyxvy7xwqyyehvzuqhfzfy5huhyaqo57nw2ymdzmc2rabe.jpeg
at://did:plc:dqfmve2t4nadqpirjpbtwsql/app.bsky.feed.post/3lnc57ts6sb2y,,Safe,Safe,Safe,self-harm,https://huggingface.co/datasets/ines-abdelaziz/neurips-content-moderation/resolve/main/images/automod_unflagged/bafyreie3lgymgm6tryvwc534tkalqstjqnpgekuj6qicmnzudny2n4akeu.jpeg
at://did:plc:drgdv26uo6q6aqengcgruzzs/app.bsky.feed.post/3lqvffk75cs27,,Safe,Safe,Safe,graphic-media,https://huggingface.co/datasets/ines-abdelaziz/neurips-content-moderation/resolve/main/images/automod_unflagged/bafyreieoaoid5crkf3ezcutk72rmrzmm4ckmnob7y44k35qmsffn5pqncq.jpeg
at://did:plc:dsadhmf4gn2vjg7ldyebmayn/app.bsky.feed.post/3lp6k2ihe6z2r,,Safe,Safe,Safe,porn,https://huggingface.co/datasets/ines-abdelaziz/neurips-content-moderation/resolve/main/images/automod_unflagged/bafyreiam75c245phkjwh2dpyqrp7kaze2t5mamjjsopeviezvdt7jhfozu.jpeg
at://did:plc:dxqbi6dlzqzezs6mmdlzv5lb/app.bsky.feed.post/3lm7vh7axfs2y,,Safe,Safe,Safe,graphic-media,https://huggingface.co/datasets/ines-abdelaziz/neurips-content-moderation/resolve/main/images/automod_unflagged/bafyreie4ff3w3vg6aswq2x3hidit5flp7pvnf6k2n3fp4z5qaeki4q3hea.jpeg
at://did:plc:e7rff7cxgl6k3bv7ojemuo6s/app.bsky.feed.post/3lm47gqzsaj2n,,Safe,Safe,Safe,nudity,https://huggingface.co/datasets/ines-abdelaziz/neurips-content-moderation/resolve/main/images/automod_unflagged/bafyreia5yczmbwaw7yyrgpprkkvbpjavsiz33zoz4kj2qpbyxxsfrgoxve.jpeg
at://did:plc:eazrg6zajcwigoqdtacinqpr/app.bsky.feed.post/3lm36gyeh6k2d,,Safe,Safe,Safe,nudity,https://huggingface.co/datasets/ines-abdelaziz/neurips-content-moderation/resolve/main/images/automod_unflagged/bafyreicdgfxw677crdlfhibatowhdqddv6omfkwsydl5kvym2dtivx2sn4.jpeg
at://did:plc:eqxhvsg3oq7y5dcd2q6p74rv/app.bsky.feed.post/3lpemi2qdcc2i,,Safe,Safe,Safe,graphic-media,https://huggingface.co/datasets/ines-abdelaziz/neurips-content-moderation/resolve/main/images/automod_unflagged/bafyreigoztwiknmwx2prfcz5iqldcdfivkj4f7odjjdytp4sd2jdx444i4.jpeg
at://did:plc:f4zsgdagm256jyz5jo57mn5s/app.bsky.feed.post/3lmtrsmmbg22s,,Safe,Safe,Safe,graphic-media,https://huggingface.co/datasets/ines-abdelaziz/neurips-content-moderation/resolve/main/images/automod_unflagged/bafyreihvgucsfbev52upl35u6ljzancfkijq2tl7ltej5v2mz2h3u6zylq.jpeg
at://did:plc:fecadowvnjll6xbsdux6jwbr/app.bsky.feed.post/3lounl3pzps2m,,Unsafe,Unsafe,Unsafe,nudity,https://huggingface.co/datasets/ines-abdelaziz/neurips-content-moderation/resolve/main/images/automod_unflagged/bafyreidykny7bsalrfwnee3wwsqwdekfjzfan3rkzqjpqf6nv6i2puyyta.jpeg
at://did:plc:fmciy4wjzsatidf26udfxf5q/app.bsky.feed.post/3lodha2gy6x26,,Safe,Unsafe,Disagree,nudity,https://huggingface.co/datasets/ines-abdelaziz/neurips-content-moderation/resolve/main/images/automod_unflagged/bafyreibakiz5zgddzrgwwaknf5syiq7hiyj25gejfyaggr54r2psjvsqhm.jpeg
at://did:plc:fpambcnvhstbckgv23fh7rem/app.bsky.feed.post/3loeciw7euq27,,Safe,Safe,Safe,graphic-media,https://huggingface.co/datasets/ines-abdelaziz/neurips-content-moderation/resolve/main/images/automod_unflagged/bafyreieydfujhj3qafizhcjvxx5a7xivt7ibpkl2xna7gikxn3ixa3rvia.jpeg
at://did:plc:g35vllwwzratfyv7obcyhthg/app.bsky.feed.post/3llyduukirk2z,,Safe,Safe,Safe,sexual,https://huggingface.co/datasets/ines-abdelaziz/neurips-content-moderation/resolve/main/images/automod_unflagged/bafyreidlak5jw3nflakboeoboww7lffo3ybrdmz5dlbqdg76fj7jgof4y4.jpeg
at://did:plc:g367j6cnrijeomhuixzsqolc/app.bsky.feed.post/3ll7goadqsc2y,,Safe,Safe,Safe,sexual,https://huggingface.co/datasets/ines-abdelaziz/neurips-content-moderation/resolve/main/images/automod_unflagged/bafyreiec6noeocohexfnuo3r727vjgjeais2fxn5nuuqxhmi4apvaswhe4.jpeg
at://did:plc:g3fakibgusnmdbfhdgumnof6/app.bsky.feed.post/3lqohdjpj4c2h,,Safe,Safe,Safe,nudity,https://huggingface.co/datasets/ines-abdelaziz/neurips-content-moderation/resolve/main/images/automod_unflagged/bafyreid5cfnylsqk53bmoicqqzxx4xdybi3x6omkfa3ytz7irjhd7wn4m4.jpeg
at://did:plc:g522qa576whkatl6jukz3zks/app.bsky.feed.post/3lmlf673q3c25,,Unsafe,Unsafe,Unsafe,porn,https://huggingface.co/datasets/ines-abdelaziz/neurips-content-moderation/resolve/main/images/automod_unflagged/bafyreic2dpozc65nwcv2up3q7gqo7kssck3g4gd5bwkrspm7t3f5ge3ibe.jpeg
at://did:plc:g5aawkz3nguzeh4xdw5kbfko/app.bsky.feed.post/3lonufonjg62w,,Safe,Safe,Safe,sexual,https://huggingface.co/datasets/ines-abdelaziz/neurips-content-moderation/resolve/main/images/automod_unflagged/bafyreic7g2w6icedegkq2jnzmdh6bkm2yikt2vefupq7nzdebkdvwv3nym.jpeg
at://did:plc:g6godepaexrypa3653n5mfu4/app.bsky.feed.post/3lognxvjc4r2w,,Safe,Safe,Safe,sexual,https://huggingface.co/datasets/ines-abdelaziz/neurips-content-moderation/resolve/main/images/automod_unflagged/bafyreihuxpilnr5mosvvo7tqej6zsxwf2tl2xdkl4f6whlcxhjklmllfdu.jpeg
at://did:plc:g7dprq4vqsjrxq4aazcp3p43/app.bsky.feed.post/3lqqndsnhbc2i,,Safe,Unsafe,Disagree,sexual,https://huggingface.co/datasets/ines-abdelaziz/neurips-content-moderation/resolve/main/images/automod_unflagged/bafyreihaeopapwvz6cv34fzzdx45elwnkaam7wjaytj5djkut2sifnxkfi.jpeg
at://did:plc:gaotlxtoe2v4q663jk3igtxl/app.bsky.feed.post/3lojdvfs7b22e,,Safe,Safe,Safe,porn,https://huggingface.co/datasets/ines-abdelaziz/neurips-content-moderation/resolve/main/images/automod_unflagged/bafyreifzk5rwdx3uoab2goi6lc4zeqjuc6m6zodyw7qtoqhviujwavny7a.jpeg
at://did:plc:gbhrdzbggcts3bko7mmoanrq/app.bsky.feed.post/3lrb55fnpn227,,Unsafe,Unsafe,Unsafe,sexual,https://huggingface.co/datasets/ines-abdelaziz/neurips-content-moderation/resolve/main/images/automod_unflagged/bafyreig4uwhjfbwko5zb32rqoxzh7g6ep7xzgpkyuvoujtzqor4arhdgze.jpeg
at://did:plc:gimoxnoartd5hyo5afezckbj/app.bsky.feed.post/3llhbgathek25,,Safe,Safe,Safe,sexual,https://huggingface.co/datasets/ines-abdelaziz/neurips-content-moderation/resolve/main/images/automod_unflagged/bafyreico2jda3vcghad4he7f6wzuv76cbc2lpj2bza4d62dd5wh6txexzm.jpeg
at://did:plc:gj2ly6p3adl247f3ic4x56tt/app.bsky.feed.post/3lqlx5dzzyk2a,,Unsafe,Unsafe,Unsafe,nudity,https://huggingface.co/datasets/ines-abdelaziz/neurips-content-moderation/resolve/main/images/automod_unflagged/bafyreiertafdxlyqpwnoe3upemabsxnkcf4nfqyixkodwffqfwbuz3nlwq.jpeg
at://did:plc:glpxw3ykzw7quxxf3eefttr3/app.bsky.feed.post/3ll345zszps2o,,Safe,Safe,Safe,nudity,https://huggingface.co/datasets/ines-abdelaziz/neurips-content-moderation/resolve/main/images/automod_unflagged/bafyreigp7tli7w3zykr3kho2lo4h55pekfeysv5xqscwn73eneyqucwrgq.jpeg
at://did:plc:gparwtvyfdttdrtfxblso2uh/app.bsky.feed.post/3loospelfhc2w,,Safe,Safe,Safe,porn,https://huggingface.co/datasets/ines-abdelaziz/neurips-content-moderation/resolve/main/images/automod_unflagged/bafyreihsowmx5evughqwxwx734b4ygvg2eby34onkrqtg2cbeute6t4gre.jpeg
at://did:plc:gqen22i4tgma3lyj2vzfejop/app.bsky.feed.post/3ln7tbwdlm22j,,Safe,Safe,Safe,self-harm,https://huggingface.co/datasets/ines-abdelaziz/neurips-content-moderation/resolve/main/images/automod_unflagged/bafyreiflwpqcwzrwnkcc3x2e354kiugpa75ddfcwhloqalgicfzyimynb4.jpeg
at://did:plc:gvnpkwjdx2giuymifiba3cou/app.bsky.feed.post/3lljeavaag22z,,Safe,Unsafe,Disagree,graphic-media,https://huggingface.co/datasets/ines-abdelaziz/neurips-content-moderation/resolve/main/images/automod_unflagged/bafyreienfc2ecrsqvbr6nrpbfe7lzezh7befbqpmd37ooid4dscgfr7iye.jpeg
at://did:plc:gwh3ogtx2auuhzwd637xsvuf/app.bsky.feed.post/3llwp3iuhok27,,Safe,Safe,Safe,porn,https://huggingface.co/datasets/ines-abdelaziz/neurips-content-moderation/resolve/main/images/automod_unflagged/bafyreigpcll22ai2oo76pe6vu7ouvnqis3w6ffjyg62p43aj2e2rpv36ha.jpeg
at://did:plc:h5uxdstf63s3cznufbihzbqc/app.bsky.feed.post/3lqigxya6n226,,Safe,Safe,Safe,sexual,https://huggingface.co/datasets/ines-abdelaziz/neurips-content-moderation/resolve/main/images/automod_unflagged/bafyreidqftyu4ixqgws7gbz37kydiypbuxrw2r5hidfwugvqlnqnplds7e.jpeg
at://did:plc:h7adqeobwbygkuxv6gk2lhdu/app.bsky.feed.post/3llbw7yxoac2o,,Safe,Safe,Safe,porn,https://huggingface.co/datasets/ines-abdelaziz/neurips-content-moderation/resolve/main/images/automod_unflagged/bafyreicmmfyheq73zwzckegehdsbbbjpuv5eqlujc5nhqzhya2rwmw74m4.jpeg
at://did:plc:hab5zoyimfenzk3vpr3ws4zh/app.bsky.feed.post/3lng4s34klk2u,,Safe,Safe,Safe,nudity,https://huggingface.co/datasets/ines-abdelaziz/neurips-content-moderation/resolve/main/images/automod_unflagged/bafyreidkiwq5zqlg47a23h4eirkq5dqiz4hlk2ljye2uhtueds6fagevg4.jpeg
at://did:plc:hah54l5bbz3jxtma7f24nzjw/app.bsky.feed.post/3lm5jos75hc2c,,Safe,Safe,Safe,graphic-media,https://huggingface.co/datasets/ines-abdelaziz/neurips-content-moderation/resolve/main/images/automod_unflagged/bafyreiaegxpsupp5463lcq5i2asfqg24wc4l7gh42j2z2kg4j6m7knvwi4.jpeg
at://did:plc:hjnuxlzvrks72coia34pnd5h/app.bsky.feed.post/3lqlyyla5rk2y,,Safe,Safe,Safe,nudity,https://huggingface.co/datasets/ines-abdelaziz/neurips-content-moderation/resolve/main/images/automod_unflagged/bafyreibiwpk5jp6kp36ihknfdiodq5k66alncsvr24gntbxgfcl7d2laqy.jpeg
at://did:plc:hnhw5jemhe5p37ozwj3ifatx/app.bsky.feed.post/3lr5sthzl3ar2,,Safe,Safe,Safe,nudity,https://huggingface.co/datasets/ines-abdelaziz/neurips-content-moderation/resolve/main/images/automod_unflagged/bafyreiebguqpy334suy3qxo7g77m77axdcuukld3t2yluamff6jc7xk6mq.jpeg
at://did:plc:hqjrqupxra3wzwby5bygtbmt/app.bsky.feed.post/3lqvbmcbv3k2l,,Safe,Safe,Safe,nudity,https://huggingface.co/datasets/ines-abdelaziz/neurips-content-moderation/resolve/main/images/automod_unflagged/bafyreihkcfv4gwrkyu6gkogoteszsrxgu6ei7jq4mwmrmh24aoxjlw64dy.jpeg
at://did:plc:hrx2bm7atovoe7j5llmctrtq/app.bsky.feed.post/3ln53pa54ok26,,Safe,Safe,Safe,sexual,https://huggingface.co/datasets/ines-abdelaziz/neurips-content-moderation/resolve/main/images/automod_unflagged/bafyreibdelrmc4mlctx77ethllppppyfgm3puefhxv2zxfziyqlnuur4yi.jpeg
at://did:plc:hwebb7r5a3jkf5qirkb2e4gh/app.bsky.feed.post/3low32dz5kc2y,,Safe,Safe,Safe,graphic-media,https://huggingface.co/datasets/ines-abdelaziz/neurips-content-moderation/resolve/main/images/automod_unflagged/bafyreicwpulowdz2mgiijw3bly4bhg4v4zweemuted42eteixct34ixtyy.jpeg
at://did:plc:hyj5gdgpkql2bz7rbset3h33/app.bsky.feed.post/3lko5eiaerk2l,,Safe,Safe,Safe,nudity,https://huggingface.co/datasets/ines-abdelaziz/neurips-content-moderation/resolve/main/images/automod_unflagged/bafyreifmm4juafcsbqgternso74uzh7f5kk6j2p2vidcktfssumm6ud3ma.jpeg
at://did:plc:iabqnu23ciz4dv45ycfvo4ti/app.bsky.feed.post/3llmzbbbl322v,,Safe,Safe,Safe,self-harm,https://huggingface.co/datasets/ines-abdelaziz/neurips-content-moderation/resolve/main/images/automod_unflagged/bafyreiers23n5qgnsssy73flpbiqkycqcpkfvq5aev4dgs6juixpyjw62a.jpeg
at://did:plc:ibhaoi25hx32dsyvlenedt7l/app.bsky.feed.post/3ll2pb3atx22t,,Safe,Safe,Safe,self-harm,https://huggingface.co/datasets/ines-abdelaziz/neurips-content-moderation/resolve/main/images/automod_unflagged/bafyreiczm6tjao5v4qzdiply3hm7yfbfokizklrs2k3hfagxaqmjkwyway.jpeg
at://did:plc:icqqfu6rdgubalguibgi2zrc/app.bsky.feed.post/3lnwxlwznxo2u,,Safe,Safe,Safe,sexual,https://huggingface.co/datasets/ines-abdelaziz/neurips-content-moderation/resolve/main/images/automod_unflagged/bafyreiauzwf45myg3itcvhpq7sbk6olifldymbslv4rzk3dxav6hz74oca.jpeg
at://did:plc:iiovebguqu4qhuii3kal7qsa/app.bsky.feed.post/3lmps6ravkk24,,Safe,Unsafe,Disagree,self-harm,https://huggingface.co/datasets/ines-abdelaziz/neurips-content-moderation/resolve/main/images/automod_unflagged/bafyreihx62y5f6t7z7cllyuqubkvj2okebfam2ves4d34pxdtkao2dq7bm.jpeg
at://did:plc:ik2ivhmmj72dcbpw62nit6o7/app.bsky.feed.post/3lndl5shmns2v,,Safe,Safe,Safe,self-harm,https://huggingface.co/datasets/ines-abdelaziz/neurips-content-moderation/resolve/main/images/automod_unflagged/bafyreiaw2yhw6y4ndqakhiz7p4vxus3adrbgnkx3bfcnbj76fwxnnqr2yy.jpeg
at://did:plc:infvbmlezckjliurdlssbjgw/app.bsky.feed.post/3lkppbgvkqs2r,,Safe,Safe,Safe,graphic-media,https://huggingface.co/datasets/ines-abdelaziz/neurips-content-moderation/resolve/main/images/automod_unflagged/bafyreif23iakut4qwk7ug22l7bg6kx3dkiawfvdb55vchc2x45jngs6xkm.jpeg
at://did:plc:ipauxw6hkwwbnhnv6xsvremc/app.bsky.feed.post/3losubgigj22q,,Unsafe,Safe,Disagree,sexual,https://huggingface.co/datasets/ines-abdelaziz/neurips-content-moderation/resolve/main/images/automod_unflagged/bafyreiexec5ayhaknmcajqp4widuktq2mslvytpe6n6m6msjs6tf3tuasa.jpeg
at://did:plc:iuobjju6bbzid4l7icbiio5s/app.bsky.feed.post/3lnz6wrauak2a,,Safe,Safe,Safe,porn,https://huggingface.co/datasets/ines-abdelaziz/neurips-content-moderation/resolve/main/images/automod_unflagged/bafyreibqof3bgewjc5f3m2mmid7jm2qdplgte6bhgey5kkx6whcp6r2np4.jpeg
at://did:plc:iv6ipx2xi3mi74t7nlby3dpj/app.bsky.feed.post/3lmvzwowwz22p,,Safe,Safe,Safe,nudity,https://huggingface.co/datasets/ines-abdelaziz/neurips-content-moderation/resolve/main/images/automod_unflagged/bafyreidmw54prskmkoh3wma6qkm6ehxt54tjpsgbngnku4qj4p73faeaay.jpeg
at://did:plc:izydlnk32ei6eqnbtqsxzyht/app.bsky.feed.post/3lktp3hoefm2h,,Safe,Safe,Safe,porn,https://huggingface.co/datasets/ines-abdelaziz/neurips-content-moderation/resolve/main/images/automod_unflagged/bafyreiftei3em23dase7z4slgfr5rtu3y6whrb74auqvl36jsboa4i66oy.jpeg
at://did:plc:j5st2iebhg3qdhxm4q62zmya/app.bsky.feed.post/3lmxo5k6bfc2h,,Safe,Safe,Safe,graphic-media,https://huggingface.co/datasets/ines-abdelaziz/neurips-content-moderation/resolve/main/images/automod_unflagged/bafyreia72cjspqrqvv7drqnkloxcooxziqxdnsnl6agbrsh7y3rcoqcbgi.jpeg
at://did:plc:j5th7xfbvvwzyphlqdf4lvew/app.bsky.feed.post/3lm3o4b5b3k2m,,Safe,Safe,Safe,self-harm,https://huggingface.co/datasets/ines-abdelaziz/neurips-content-moderation/resolve/main/images/automod_unflagged/bafyreieq4djhd2kok5tuv3axtjwjxnxxwbx4iaq7ztg6xd4xkvfbpxip7y.jpeg
at://did:plc:j6it62puyknw22rkm3lwblke/app.bsky.feed.post/3lkz624rc5c2m,,Safe,Safe,Safe,graphic-media,https://huggingface.co/datasets/ines-abdelaziz/neurips-content-moderation/resolve/main/images/automod_unflagged/bafyreihxwfxmw67bz72bhwcjbgx5rtgwi3kezyw7n55kk5ehxrywuptisy.jpeg
at://did:plc:jjariuxcwps3xx3al34mkeay/app.bsky.feed.post/3lmuzrcy3l22l,,Safe,Safe,Safe,sexual,https://huggingface.co/datasets/ines-abdelaziz/neurips-content-moderation/resolve/main/images/automod_unflagged/bafyreiaozaut5v6zwbu3veev372szoyanbm6zyuv6g4d32fgkoimicql6a.jpeg
at://did:plc:jjqmhm3k34qr7gqo56uvnd32/app.bsky.feed.post/3lm5ddrrphs2g,,Safe,Safe,Safe,porn,https://huggingface.co/datasets/ines-abdelaziz/neurips-content-moderation/resolve/main/images/automod_unflagged/bafyreihwn5q2oj3x7zjgjehx5enmhgqbv3jxfmv3q4t3ndbgicgdkp6vi4.jpeg
at://did:plc:jkw7ln5xqgemonw2zq7zkf5i/app.bsky.feed.post/3lnrtron3f22y,,Safe,Safe,Safe,porn,https://huggingface.co/datasets/ines-abdelaziz/neurips-content-moderation/resolve/main/images/automod_unflagged/bafyreievqshucznppgwme2imnuefrqkkx3uu6spyrnkji5xyfhqhuirdb4.jpeg
at://did:plc:jkw7ln5xqgemonw2zq7zkf5i/app.bsky.feed.post/3lns4yy54h22y,,Safe,Safe,Safe,porn,https://huggingface.co/datasets/ines-abdelaziz/neurips-content-moderation/resolve/main/images/automod_unflagged/bafyreihw3zq76bhvm57p3rykdd44hdcnvczoynfu26sth3d5rds74kjddm.jpeg
at://did:plc:jqphdz26ll5p5adl7aqmlejg/app.bsky.feed.post/3lmz4gswnbk2g,,Safe,Safe,Safe,nudity,https://huggingface.co/datasets/ines-abdelaziz/neurips-content-moderation/resolve/main/images/automod_unflagged/bafyreiag7gz2likjjpsrl2docnrt4lcoxinauwwzcjjrxou762qt74dbtq.jpeg
at://did:plc:jrljy7stfizywkj34hmrudmn/app.bsky.feed.post/3lkvvqet73k2u,,Unsafe,Unsafe,Unsafe,nudity,https://huggingface.co/datasets/ines-abdelaziz/neurips-content-moderation/resolve/main/images/automod_unflagged/bafyreid3jhc4t35cuztddjdmhwk7zwlw3msikwx6px6ylm7amostrmj3dy.jpeg
at://did:plc:ju7wvm2twtti4q4uoxy4ohnt/app.bsky.feed.post/3lluwcuvfyc2o,,Safe,Safe,Safe,self-harm,https://huggingface.co/datasets/ines-abdelaziz/neurips-content-moderation/resolve/main/images/automod_unflagged/bafyreig7p6v4icnuvmtrpbh5hbwhaemqeogvy3jg6ifzux3rof3j4oivhm.jpeg
at://did:plc:ju7wvm2twtti4q4uoxy4ohnt/app.bsky.feed.post/3ln2l2kafgc2b,,Safe,Safe,Safe,self-harm,https://huggingface.co/datasets/ines-abdelaziz/neurips-content-moderation/resolve/main/images/automod_unflagged/bafyreig7ilojhqw6msn3ksu77tsj3ki2detbde4mblczmqr4sh25nuuxge.jpeg
at://did:plc:jwgzfqcioumxe75pz45tl52g/app.bsky.feed.post/3lloax3ur5k2r,,Safe,Safe,Safe,nudity,https://huggingface.co/datasets/ines-abdelaziz/neurips-content-moderation/resolve/main/images/automod_unflagged/bafyreibqagvp2xij3rwcinzszanyhvpxv7m2zpmecll4xuf2jv66qgoxjy.jpeg
at://did:plc:jyonoe6g5raxq4wk75o54egp/app.bsky.feed.post/3lqyqtotoz22a,,Safe,Safe,Safe,nudity,https://huggingface.co/datasets/ines-abdelaziz/neurips-content-moderation/resolve/main/images/automod_unflagged/bafyreidj72pwjgvlbh4foiwkcpzskodnsjxpoc4jw4k5iol3xvhfbrly5m.jpeg
at://did:plc:k2sy2wtnntbb5wy2tahtjadj/app.bsky.feed.post/3lrenidk5ic2i,,Safe,Safe,Safe,porn,https://huggingface.co/datasets/ines-abdelaziz/neurips-content-moderation/resolve/main/images/automod_unflagged/bafyreihwduwylqoawsp64chhtnoyhdvbppyws5bhxgx6dxypzk7gl6v37a.jpeg
at://did:plc:k4n42z2ucdgmpgdkj43boboy/app.bsky.feed.post/3lnacwjgib42y,,Safe,Safe,Safe,graphic-media,https://huggingface.co/datasets/ines-abdelaziz/neurips-content-moderation/resolve/main/images/automod_unflagged/bafyreigofaxdwi3sf5mwidifazi2vqfftcb4xzvdtdseptlmvncwf3i6ae.jpeg
at://did:plc:k4q36kzhmqgl56kkmorrxggs/app.bsky.feed.post/3lpliabpu772s,,Safe,Safe,Safe,nudity,https://huggingface.co/datasets/ines-abdelaziz/neurips-content-moderation/resolve/main/images/automod_unflagged/bafyreidzxi7zbfehpjniidk3n6h5sbq27oa6yw4b73eqbg7og5madh7q34.jpeg
at://did:plc:kesuhd5rocrizyhkiekocf35/app.bsky.feed.post/3lnf6opcfzc26,,Safe,Safe,Safe,self-harm,https://huggingface.co/datasets/ines-abdelaziz/neurips-content-moderation/resolve/main/images/automod_unflagged/bafyreiciqetjby2efwub2ezdyz6ieauvu274zl5egfcjijngcb6jdy7jqe.jpeg
at://did:plc:ketkuytzxoe6pttkwjuz2b5z/app.bsky.feed.post/3lndv62em4s2s,,Safe,Unsafe,Disagree,self-harm,https://huggingface.co/datasets/ines-abdelaziz/neurips-content-moderation/resolve/main/images/automod_unflagged/bafyreigoedwuopd6vekxchg2vt3ntp5j4atijzsfyes24j36gznk2h5zd4.jpeg
at://did:plc:knd7xer3o6yr5glbggabg3fn/app.bsky.feed.post/3lpchepaspc2r,,Safe,Safe,Safe,porn,https://huggingface.co/datasets/ines-abdelaziz/neurips-content-moderation/resolve/main/images/automod_unflagged/bafyreiaxdaaqgnabgwd5pincwoxwhrpyecc2jji6kgqtd6kj5vqhmjxnum.jpeg
at://did:plc:ktducf3iyad6iy4rd7cb6d4x/app.bsky.feed.post/3lpdvbnjwas2k,,Unsafe,Unsafe,Unsafe,nudity,https://huggingface.co/datasets/ines-abdelaziz/neurips-content-moderation/resolve/main/images/automod_unflagged/bafyreig6fyl2h6r57nwlfnvn2awwmfkg6x2c5czkk4k5p6j3icfskzmazi.jpeg
at://did:plc:l2ltd6a3ftbhu5hixw5nlwak/app.bsky.feed.post/3lnvelnddw22p,,Safe,Safe,Safe,graphic-media,https://huggingface.co/datasets/ines-abdelaziz/neurips-content-moderation/resolve/main/images/automod_unflagged/bafyreiek7rn3rc72g2s5s7r2fbeslfwisml5kvil64272ozg74dfhtzyne.jpeg
at://did:plc:l4cgsrb3i5vcsgdrhh5ku5ph/app.bsky.feed.post/3lp6ghzdp6g2a,,Safe,Safe,Safe,sexual,https://huggingface.co/datasets/ines-abdelaziz/neurips-content-moderation/resolve/main/images/automod_unflagged/bafyreieikdbxnkjkjaug5gpkyomdjfrwjx3mual3b75poy7y3hklxdi5b4.jpeg
at://did:plc:l7xjfoi6cnlfge3yq4s22ora/app.bsky.feed.post/3lr4khmebns2p,,Safe,Safe,Safe,nudity,https://huggingface.co/datasets/ines-abdelaziz/neurips-content-moderation/resolve/main/images/automod_unflagged/bafyreid5q77ghxgz6yyjqo6avfzou6kideutlro62hffobpmajiw4s54je.jpeg
at://did:plc:led2r6w7dksl37l7azuftaot/app.bsky.feed.post/3lpuf33anbc2v,,Unsafe,Unsafe,Unsafe,nudity,https://huggingface.co/datasets/ines-abdelaziz/neurips-content-moderation/resolve/main/images/automod_unflagged/bafyreif37vewvulggrwaxoths7je277zp3pd4gyxygb2y5ao6yvqjc5rl4.jpeg
at://did:plc:lgpxrwm6kaoh5biho2fkhpnp/app.bsky.feed.post/3llb6li7qgc2r,,Safe,Safe,Safe,graphic-media,https://huggingface.co/datasets/ines-abdelaziz/neurips-content-moderation/resolve/main/images/automod_unflagged/bafyreic6uytj43x6rccy24sn5jioqyl4zy3f37zarjnyhtznkmgdya3nl4.jpeg
at://did:plc:lkhgndsi4k4ec72nmmfg4nt7/app.bsky.feed.post/3lof7tjrqwk2v,,Safe,Safe,Safe,self-harm,https://huggingface.co/datasets/ines-abdelaziz/neurips-content-moderation/resolve/main/images/automod_unflagged/bafyreiafieetygvcbsftypykc4suglizbhcpiajdbtizmw3d43hvbgegta.jpeg
at://did:plc:lmu5pex6kektyhp5irxcyql5/app.bsky.feed.post/3ln7dxhawxc26,,Safe,Safe,Safe,nudity,https://huggingface.co/datasets/ines-abdelaziz/neurips-content-moderation/resolve/main/images/automod_unflagged/bafyreib64m6cinlaqggsdm3mmakbmnuz2qt5l23fdqta7pqthqbpvgqjdi.jpeg
at://did:plc:lnh7hqikjt55h4ytgpo5ixlw/app.bsky.feed.post/3loyydo4okk2d,,Safe,Safe,Safe,self-harm,https://huggingface.co/datasets/ines-abdelaziz/neurips-content-moderation/resolve/main/images/automod_unflagged/bafyreiarvphmt3lbyh5hapvb5df4conjc5lv2lwwfqoxllisvx4zmuu6fe.jpeg
at://did:plc:lnka277pivipcalprk5zj7cy/app.bsky.feed.post/3lkqec5uf422c,,Safe,Unsafe,Disagree,porn,https://huggingface.co/datasets/ines-abdelaziz/neurips-content-moderation/resolve/main/images/automod_unflagged/bafyreieovkwl4tu4juuypewsqfe2fcsvunoenfkm6czfaqfghadmlsihjq.jpeg
at://did:plc:lspmq7oouol2d7cl2nua57in/app.bsky.feed.post/3lnprtrsg3c2n,,Safe,Safe,Safe,nudity,https://huggingface.co/datasets/ines-abdelaziz/neurips-content-moderation/resolve/main/images/automod_unflagged/bafyreidkrpc7ecvxjw4krajepqtch7qkedjoi45tvbidaxg3af5eslgip4.jpeg
at://did:plc:luxo6kvlkngjepddervb2vkp/app.bsky.feed.post/3ll7xj5n4ic2s,,Unsafe,Unsafe,Unsafe,nudity,https://huggingface.co/datasets/ines-abdelaziz/neurips-content-moderation/resolve/main/images/automod_unflagged/bafyreiclqt6mxwtmc3bjkjga75kdyhih4qcxdg3vqmlm3a35ibyjuyqtbe.jpeg
at://did:plc:ly6565g5makzhuawzh24fctm/app.bsky.feed.post/3lntrw3ykwd2i,,Safe,Safe,Safe,porn,https://huggingface.co/datasets/ines-abdelaziz/neurips-content-moderation/resolve/main/images/automod_unflagged/bafyreibs6yoejffvwj7zejirosktggtb6i7n7l7tu24dcpp6eg545l5gnm.jpeg
at://did:plc:lyl5xvosm3vjyzpurgplh5pf/app.bsky.feed.post/3lp6tc2zn6k2j,,Safe,Safe,Safe,sexual,https://huggingface.co/datasets/ines-abdelaziz/neurips-content-moderation/resolve/main/images/automod_unflagged/bafyreiajfohm4i3mvzxuljo423v45ko662x7gagj3ouxbnmdlmdewbkslq.jpeg
at://did:plc:lzjee22x2eoy3jsgmikp2uba/app.bsky.feed.post/3lkwzwpd4tk2n,,Safe,Safe,Safe,sexual,https://huggingface.co/datasets/ines-abdelaziz/neurips-content-moderation/resolve/main/images/automod_unflagged/bafyreib2kxomcbhfo7gtxdsx55znf4s747h2lbb4ku235pnhsrzei7ldgy.jpeg
at://did:plc:m2rn573vi6oe2xif3m7e7x3l/app.bsky.feed.post/3lms7pel3gk22,,Unsafe,Unsafe,Unsafe,sexual,https://huggingface.co/datasets/ines-abdelaziz/neurips-content-moderation/resolve/main/images/automod_unflagged/bafyreia6zifd42l7psqmrqm5tylrft6hbn2wrbok6livig7a7dywzkpsg4.jpeg
at://did:plc:ma3yyxl7bsxofvvzn2jolviw/app.bsky.feed.post/3lp2zaz2lks2d,,Unsafe,Unsafe,Unsafe,sexual,https://huggingface.co/datasets/ines-abdelaziz/neurips-content-moderation/resolve/main/images/automod_unflagged/bafyreigcqyfkj5lurubjb7pg5gutcwdrnvwmmvik76vuqudh4c5cnlp6vi.jpeg
at://did:plc:mf5zvsnkjwxpdnxi6h6wucto/app.bsky.feed.post/3lmvgym7ntk2t,,Safe,Safe,Safe,nudity,https://huggingface.co/datasets/ines-abdelaziz/neurips-content-moderation/resolve/main/images/automod_unflagged/bafyreicjkedd4scee43vg4ayxubat4cnnpc7ke26a2yq3piyanozy4vs4a.jpeg
at://did:plc:mi5utcfrx64divsdwlnxdni2/app.bsky.feed.post/3llig7nrqq222,,Safe,Safe,Safe,self-harm,https://huggingface.co/datasets/ines-abdelaziz/neurips-content-moderation/resolve/main/images/automod_unflagged/bafyreidszavfv645b4zqacy4537yecgls4toivwsgnvgpy3ueeq54g23by.jpeg
at://did:plc:moa64x2zmbrr24635kttbpe5/app.bsky.feed.post/3lledmxl2gs26,,Safe,Safe,Safe,porn,https://huggingface.co/datasets/ines-abdelaziz/neurips-content-moderation/resolve/main/images/automod_unflagged/bafyreif4xgjopnprll6v6nzypko35b6iihjv2jxqkslrt22o6i4yhn5jjm.jpeg
at://did:plc:mrznn3oc2kkme7gsxljxbiyj/app.bsky.feed.post/3lqifjwdyq225,,Safe,Safe,Safe,graphic-media,https://huggingface.co/datasets/ines-abdelaziz/neurips-content-moderation/resolve/main/images/automod_unflagged/bafyreihy7sbkl6kbotve7bfhej2wrio4vak55glgvnfwtjowf3ku2igvnq.jpeg
at://did:plc:n4rr632ojibbry6lushlxkgv/app.bsky.feed.post/3lpww3viw6s2f,,Safe,Safe,Safe,self-harm,https://huggingface.co/datasets/ines-abdelaziz/neurips-content-moderation/resolve/main/images/automod_unflagged/bafyreigsbtyjitjbfyqspme4otkevxosxkkfomvvvrmixzbgcsgra3nogm.jpeg
at://did:plc:nbzcr6y237l4zuphmrqwotey/app.bsky.feed.post/3lnocn5mz322g,,Safe,Safe,Safe,nudity,https://huggingface.co/datasets/ines-abdelaziz/neurips-content-moderation/resolve/main/images/automod_unflagged/bafyreialjxokgmpavrwipvdbpw5kad74pfcplt5urd5y4eu4ytsra7mbsm.jpeg
at://did:plc:nernch63hdo2hejnokh2ecmy/app.bsky.feed.post/3lnswvqk2y22e,,Unsafe,Unsafe,Unsafe,sexual,https://huggingface.co/datasets/ines-abdelaziz/neurips-content-moderation/resolve/main/images/automod_unflagged/bafyreifjks7oibabli37isrtdik4q3es6dvkqqieb5iwpvme64l3y3fpea.jpeg
at://did:plc:nijwwetfljeed2rhc5epxuic/app.bsky.feed.post/3lolulzmvfc26,,Unsafe,Unsafe,Unsafe,porn,https://huggingface.co/datasets/ines-abdelaziz/neurips-content-moderation/resolve/main/images/automod_unflagged/bafyreiexsfeu25ce7knk32kggsb2amlwgqib64rkfzejabt7rz26lrh3kq.jpeg
at://did:plc:nnz7jjbessyav7fsen4t2ltd/app.bsky.feed.post/3loqhw3qnvk22,,Safe,Safe,Safe,porn,https://huggingface.co/datasets/ines-abdelaziz/neurips-content-moderation/resolve/main/images/automod_unflagged/bafyreihfvu3laox6zdhck4buedzny4hwbrcwioxgauncsppqsasfilvs5m.jpeg
at://did:plc:nnzud664davycsdpbbe5aovh/app.bsky.feed.post/3ln2fd4tpqj2c,,Unsafe,Unsafe,Unsafe,sexual,https://huggingface.co/datasets/ines-abdelaziz/neurips-content-moderation/resolve/main/images/automod_unflagged/bafyreihhsk5lqssq5uoivteil5ytg2omnivxj7tenjab2tkj6g5twlwobe.jpeg
at://did:plc:noqdcsbfa2twu5tzwc6keob5/app.bsky.feed.post/3lpwz5b2y3c22,,Safe,Safe,Safe,sexual,https://huggingface.co/datasets/ines-abdelaziz/neurips-content-moderation/resolve/main/images/automod_unflagged/bafyreiekxkj3fbrb5xhlg6qpoomx4oqw24zsbewex3qhuolsx3kb5yezbe.jpeg
at://did:plc:nsw7pnuex7ylozlygyfjojer/app.bsky.feed.post/3llvgsx5sk52z,,Safe,Safe,Safe,self-harm,https://huggingface.co/datasets/ines-abdelaziz/neurips-content-moderation/resolve/main/images/automod_unflagged/bafyreibes2fv2tqg3irhmrzvv7omkpnrzvfs2ncj7kf7vhvhu6h2fjm7qu.jpeg
at://did:plc:nxcascd3q5dec7ihac6uaevt/app.bsky.feed.post/3lkqoxfjscs2l,,Safe,Safe,Safe,sexual,https://huggingface.co/datasets/ines-abdelaziz/neurips-content-moderation/resolve/main/images/automod_unflagged/bafyreigp6o6zf2ahgwg22vbhir4sc3gdflfscyrz3s6cd4k7zb55hmkmxe.jpeg
at://did:plc:nxvhdu2wvxcuwitpc2pc3mqu/app.bsky.feed.post/3lmunl2upb22e,,Safe,Safe,Safe,self-harm,https://huggingface.co/datasets/ines-abdelaziz/neurips-content-moderation/resolve/main/images/automod_unflagged/bafyreiersxpykgq6v7yxxgyw2i47mm2iblvu3k3uzv2wxmkvywblaj2o7m.jpeg
at://did:plc:nyxqgq5egb3jzgepafnhwkmo/app.bsky.feed.post/3lqmtcohau22b,,Safe,Safe,Safe,porn,https://huggingface.co/datasets/ines-abdelaziz/neurips-content-moderation/resolve/main/images/automod_unflagged/bafyreid2kcuc6ga7cyocsgb2axsu6qb6sjsr5e3ijuwakaorin3ojmpzcu.jpeg
at://did:plc:o6ztedhjcj5lwcv7kxapurcq/app.bsky.feed.post/3logaiayqcs2d,,Safe,Safe,Safe,self-harm,https://huggingface.co/datasets/ines-abdelaziz/neurips-content-moderation/resolve/main/images/automod_unflagged/bafyreigaegpwttfbpxgreh5ghpunc2qmbjn5kqikpaiyyaiaqsnpmqwvf4.jpeg
at://did:plc:ob3lvrguhpdb3ltucncxlwwo/app.bsky.feed.post/3lmcd46sjxk2s,,Safe,Safe,Safe,graphic-media,https://huggingface.co/datasets/ines-abdelaziz/neurips-content-moderation/resolve/main/images/automod_unflagged/bafyreifeb64726sv6pvm6eoi4oycqh3vaao5e5jygh43qtwbuzf4cjfol4.jpeg
at://did:plc:ognozhzg4ucqzv6i523olcf2/app.bsky.feed.post/3lo2keqjmmc27,,Safe,Safe,Safe,sexual,https://huggingface.co/datasets/ines-abdelaziz/neurips-content-moderation/resolve/main/images/automod_unflagged/bafyreid2iydzytxiecak2qowxdr26tvenv5n232mmrmem22qvoy4vux6ei.jpeg
at://did:plc:omfoovfx5gpgmlk4b45xpxfc/app.bsky.feed.post/3ll25bufj652n,,Safe,Safe,Safe,porn,https://huggingface.co/datasets/ines-abdelaziz/neurips-content-moderation/resolve/main/images/automod_unflagged/bafyreign6zlgzxrv77cfkwwrqqyoyxeramnox6g2524f6xuhti4biq6npm.jpeg
at://did:plc:oq2uqdy5nddky5o3xwntadbm/app.bsky.feed.post/3lqrrduf5fc2i,,Safe,Safe,Safe,porn,https://huggingface.co/datasets/ines-abdelaziz/neurips-content-moderation/resolve/main/images/automod_unflagged/bafyreid5rbt4ie75dvbnni57br4azxmnfzdzzwa7lkkink552ujln74gpa.jpeg
at://did:plc:oqgw22hvkoxzuf6mkrtficuz/app.bsky.feed.post/3lm42usdrzk2e,,Safe,Safe,Safe,graphic-media,https://huggingface.co/datasets/ines-abdelaziz/neurips-content-moderation/resolve/main/images/automod_unflagged/bafyreifobvkx65de5gyx72uxwak7z3gf57gcbazdrdjtsyfssvf5txezde.jpeg
at://did:plc:osel4rclk5iyjtez2fhgmpxc/app.bsky.feed.post/3lo53psizgc25,,Safe,Safe,Safe,sexual,https://huggingface.co/datasets/ines-abdelaziz/neurips-content-moderation/resolve/main/images/automod_unflagged/bafyreieb67u27bahcikuh6xkyx2fcm44575bvd5phvfefu44rzrtwhvok4.jpeg
at://did:plc:oz2vlzyoyit2tjnz6v3nzjo5/app.bsky.feed.post/3lolynxzln22b,,Safe,Safe,Safe,self-harm,https://huggingface.co/datasets/ines-abdelaziz/neurips-content-moderation/resolve/main/images/automod_unflagged/bafyreicn6ixoauzdxj3gooan6qv6kc75dekaftanfq6rsec26tcjfe5tue.jpeg
at://did:plc:oztwom2lx73xajsx7znzcypf/app.bsky.feed.post/3llbrh6ll622i,,Unsafe,Unsafe,Unsafe,porn,https://huggingface.co/datasets/ines-abdelaziz/neurips-content-moderation/resolve/main/images/automod_unflagged/bafyreighb6ub7zuo6pmt2hm36fuw2dfcikx3mvmfxseh2ooenfsr5grv2y.jpeg
at://did:plc:p5x5upy2l2ry5wy4zqy3liqw/app.bsky.feed.post/3ll7rovejzs26,,Safe,Safe,Safe,sexual,https://huggingface.co/datasets/ines-abdelaziz/neurips-content-moderation/resolve/main/images/automod_unflagged/bafyreibvgoyagehkrbkannmai4ekqnckvjpldyj5m33vygiq7m2w7wkixq.jpeg
at://did:plc:p763d2nzc2onugcetd6xg2fs/app.bsky.feed.post/3lky3ilxw7c2x,,Safe,Safe,Safe,self-harm,https://huggingface.co/datasets/ines-abdelaziz/neurips-content-moderation/resolve/main/images/automod_unflagged/bafyreigyq2gxmpchbdznmiu7lfw5bxrkepo55xzp4t4aeezeju54jfq7ee.jpeg
at://did:plc:pa5k3okjdjufnxdivp6hhnv6/app.bsky.feed.post/3lphxls4o4c2h,,Unsafe,Unsafe,Unsafe,porn,https://huggingface.co/datasets/ines-abdelaziz/neurips-content-moderation/resolve/main/images/automod_unflagged/bafyreifd2e73gawdydchlog655m3d4467h7hgnf74ywysw6woxzwvanbu4.jpeg
at://did:plc:pmgufjk6ieh5yor725bt2c4i/app.bsky.feed.post/3lpz234sddc23,,Safe,Safe,Safe,nudity,https://huggingface.co/datasets/ines-abdelaziz/neurips-content-moderation/resolve/main/images/automod_unflagged/bafyreiaffgx7hmdgfkwtwbtnrlw6eim52zqckd64qj3zbdedajbmspgvmy.jpeg
at://did:plc:punmvo5j2jctfptvj6tvipmh/app.bsky.feed.post/3lmwqph6czk2z,,Safe,Safe,Safe,porn,https://huggingface.co/datasets/ines-abdelaziz/neurips-content-moderation/resolve/main/images/automod_unflagged/bafyreiceiud72l6ewdjgeifjwra2ee2564yfkfa6bf2vemyc32fas6ew4e.jpeg
at://did:plc:pvzmdm7c6ibvjibzodhvtbvr/app.bsky.feed.post/3lm6cmaf6hc27,,Safe,Safe,Safe,sexual,https://huggingface.co/datasets/ines-abdelaziz/neurips-content-moderation/resolve/main/images/automod_unflagged/bafyreievfg4wwwqvepnx7zqd7nmlglg4ud4w2ux5he2hccu53u4s3nyagi.jpeg
at://did:plc:pzb2gltt6fnvkbqst76gsfp3/app.bsky.feed.post/3lllhyjbeus2q,,Safe,Safe,Safe,nudity,https://huggingface.co/datasets/ines-abdelaziz/neurips-content-moderation/resolve/main/images/automod_unflagged/bafyreiedzgwzka3cgmeghbi3zyyhjeq4zpaedxlirsszkilwj3a7pbo6vy.jpeg
at://did:plc:pzb2gltt6fnvkbqst76gsfp3/app.bsky.feed.post/3lmxh4cbrj22e,,Unsafe,Unsafe,Unsafe,nudity,https://huggingface.co/datasets/ines-abdelaziz/neurips-content-moderation/resolve/main/images/automod_unflagged/bafyreifct7gruatkf473rjtbongbkbm7jstimpekrbtncc2gteaosr4jzm.jpeg
at://did:plc:pzb2gltt6fnvkbqst76gsfp3/app.bsky.feed.post/3lr4i4s5pnc2z,,Safe,Unsafe,Disagree,nudity,https://huggingface.co/datasets/ines-abdelaziz/neurips-content-moderation/resolve/main/images/automod_unflagged/bafyreifh3jpioq563drb4pt7fp3fu4ikvpkp3tzwv5y4yyrhpkufu7g6cy.jpeg
at://did:plc:q6x3jhk3luf7coyjxnzpfomp/app.bsky.feed.post/3lpgrtwkb7s2b,,Safe,Safe,Safe,graphic-media,https://huggingface.co/datasets/ines-abdelaziz/neurips-content-moderation/resolve/main/images/automod_unflagged/bafyreibpeu3m24sa5ioiq5lppmdxlpymdqpztuvkobs4f7zewiytm3fgua.jpeg
at://did:plc:qc6ekznbhnzmfltyfjdxzq3j/app.bsky.feed.post/3lr7ksteljs2l,,Unsafe,Safe,Disagree,sexual,https://huggingface.co/datasets/ines-abdelaziz/neurips-content-moderation/resolve/main/images/automod_unflagged/bafyreial4vjbr5wrh2ygkf576eapk2sib2ode2do5r23cmpi4c3vsgfiiy.jpeg
at://did:plc:qdszeeddhyyfbzshybjqowrr/app.bsky.feed.post/3llkfxy36h22e,,Safe,Safe,Safe,graphic-media,https://huggingface.co/datasets/ines-abdelaziz/neurips-content-moderation/resolve/main/images/automod_unflagged/bafyreid5fb43ei5teb2b3pqknyvhjp6xst7yv6h3a37vfmq27j4kz7ylfy.jpeg
at://did:plc:qwgrnmov77vx2alh7fqxccyo/app.bsky.feed.post/3lmpd445nes2j,,Safe,Safe,Safe,porn,https://huggingface.co/datasets/ines-abdelaziz/neurips-content-moderation/resolve/main/images/automod_unflagged/bafyreicw5zw3afkdrd6tol7wwu4dmuy7rb2perzcqn4anmhjyiyyfr2wly.jpeg
at://did:plc:r57dv5ibucyulqeifvjd4sgd/app.bsky.feed.post/3lnxjaqd2cs27,,Safe,Safe,Safe,sexual,https://huggingface.co/datasets/ines-abdelaziz/neurips-content-moderation/resolve/main/images/automod_unflagged/bafyreifpkox245uxli3nljc2ywbhpkeroru4vwomotmhzixgud2frlqr7e.jpeg
at://did:plc:re3u6f6t4rpr7s4eiambi3sb/app.bsky.feed.post/3llseqmj2m22l,,Safe,Unsafe,Disagree,nudity,https://huggingface.co/datasets/ines-abdelaziz/neurips-content-moderation/resolve/main/images/automod_unflagged/bafyreidrh4m2ow7pw546fk3qmivxer6drye6hkxfh5b656wbyv4xi35oey.jpeg
at://did:plc:rm6n3kdyxen3ftelbxp32srv/app.bsky.feed.post/3ln7qm6cb622a,,Safe,Safe,Safe,nudity,https://huggingface.co/datasets/ines-abdelaziz/neurips-content-moderation/resolve/main/images/automod_unflagged/bafyreihui65cbro7tmfdneoe3za5wuctz3n6rfxpcrlozapi7hfu3g6oay.jpeg
at://did:plc:rm7i2etydr7otejstkazlq6m/app.bsky.feed.post/3lo2yx6b6pk2x,,Unsafe,Unsafe,Unsafe,sexual,https://huggingface.co/datasets/ines-abdelaziz/neurips-content-moderation/resolve/main/images/automod_unflagged/bafyreiecuszrf3ilqanuq7nqft4eiupko67npsfe5mgh3hg6ih2l6nh3be.jpeg
at://did:plc:ro2zfrppe7d2b2kgcf7znhsx/app.bsky.feed.post/3lq6dzr6vwk2d,,Safe,Safe,Safe,porn,https://huggingface.co/datasets/ines-abdelaziz/neurips-content-moderation/resolve/main/images/automod_unflagged/bafyreigmov2cvkzimbfy4s6uhzhywgeztrhtyjqz4lnatxttzkjgw3sbjy.jpeg
at://did:plc:rwqdsk2cfxybjtabvqp3m5fl/app.bsky.feed.post/3lqvoeagme22m,,Safe,Safe,Safe,sexual,https://huggingface.co/datasets/ines-abdelaziz/neurips-content-moderation/resolve/main/images/automod_unflagged/bafyreibvuswjweaw774re7kn6fcb26qbnsoswfum56mhxmoqvxgbqht6f4.jpeg
at://did:plc:s3f2zvyrciwjwbib6pvpgpwu/app.bsky.feed.post/3lr2o3mnn3s2p,,Safe,Safe,Safe,porn,https://huggingface.co/datasets/ines-abdelaziz/neurips-content-moderation/resolve/main/images/automod_unflagged/bafyreifyrixsedkzdzl2duallyz7xzyzh72ad3jskmrobe6lifcpv4lmja.jpeg
at://did:plc:s3ng6te2723fe3upyxeh7zck/app.bsky.feed.post/3ln4ja7m52s22,,Safe,Safe,Safe,nudity,https://huggingface.co/datasets/ines-abdelaziz/neurips-content-moderation/resolve/main/images/automod_unflagged/bafyreibln5jrqbtmnrr2jwdhcy5mlvbzockedg2bpy5i6wz6gpzc5m577y.jpeg
at://did:plc:s6ktgg7ckbyz6bs66dlag6dj/app.bsky.feed.post/3lpfwf7k5ts2d,,Safe,Safe,Safe,graphic-media,https://huggingface.co/datasets/ines-abdelaziz/neurips-content-moderation/resolve/main/images/automod_unflagged/bafyreiabrfj5avrocfyxtdb65vxurd76z2c5i2dnp7meddmozf2z74bqo4.jpeg
at://did:plc:saa4hlmb2typseuheamrgddm/app.bsky.feed.post/3lnjljrd6b22a,,Safe,Safe,Safe,nudity,https://huggingface.co/datasets/ines-abdelaziz/neurips-content-moderation/resolve/main/images/automod_unflagged/bafyreief4d5lbdygam7txqlsednw2ylp2ubmq2zx6cngsnkdifctvwjkoy.jpeg
at://did:plc:sjiua47ccaaq667vpps5wpaz/app.bsky.feed.post/3lmfipslblk2g,,Safe,Safe,Safe,porn,https://huggingface.co/datasets/ines-abdelaziz/neurips-content-moderation/resolve/main/images/automod_unflagged/bafyreibhvxqahx54jwleptlqfbgwckcncpbs23i6vypymwwwdtkfysxn2m.jpeg
at://did:plc:smtk7ngzeg2qhcs3fudgzitf/app.bsky.feed.post/3lkrlbswhpc2w,,Safe,Safe,Safe,self-harm,https://huggingface.co/datasets/ines-abdelaziz/neurips-content-moderation/resolve/main/images/automod_unflagged/bafyreic66bmv4yon7elxz4zthztkpnu6msc7pz2hz57mehkcavz5vtvrey.jpeg
at://did:plc:snl2qhwfghafpuhnqr3cjutc/app.bsky.feed.post/3lmft4hv3js24,,Safe,Unsafe,Disagree,sexual,https://huggingface.co/datasets/ines-abdelaziz/neurips-content-moderation/resolve/main/images/automod_unflagged/bafyreihx7dalduzarrea7kpbh5zow56b4guwrwczx3n6rse7jjzt6zj6le.jpeg
at://did:plc:so6lgc7rgx4jrp45qk3qyxxy/app.bsky.feed.post/3llgkwxwguk2v,,Unsafe,Safe,Disagree,nudity,https://huggingface.co/datasets/ines-abdelaziz/neurips-content-moderation/resolve/main/images/automod_unflagged/bafyreicv6jqactpws62kelxf3hyfz35x6eq6wt7jr3nb3owaly42swu2fm.jpeg
at://did:plc:spl3uibfxxxmox2cxuopsg7f/app.bsky.feed.post/3lqidzeqtxk2l,,Safe,Safe,Safe,self-harm,https://huggingface.co/datasets/ines-abdelaziz/neurips-content-moderation/resolve/main/images/automod_unflagged/bafyreibs5ve4n3vwkmqsbamf2kd3q2uxwzsxnljonnuls2vfc4vi4lqxgq.jpeg
at://did:plc:svppp6fijcrqpg5xwuz3itur/app.bsky.feed.post/3lqz3tf45322b,,Unsafe,Unsafe,Unsafe,porn,https://huggingface.co/datasets/ines-abdelaziz/neurips-content-moderation/resolve/main/images/automod_unflagged/bafyreihwgofwxxkqkq4s3c5suveeifaw5nufjsoyuqa3fnoppelsqux744.jpeg
at://did:plc:t3yk2ovsv24gbes2sy5qloxq/app.bsky.feed.post/3lneqsp7zns26,,Unsafe,Safe,Disagree,sexual,https://huggingface.co/datasets/ines-abdelaziz/neurips-content-moderation/resolve/main/images/automod_unflagged/bafyreiafchaz4qftvrdgnfkosrq3xivuh5n4qiihbxgbe3v2eswah3faeq.jpeg
at://did:plc:t6jssoowfqma6i2qcfiqdqb2/app.bsky.feed.post/3ll33yupz3c2o,,Safe,Safe,Safe,porn,https://huggingface.co/datasets/ines-abdelaziz/neurips-content-moderation/resolve/main/images/automod_unflagged/bafyreicworfweivg4qeurfrnm2faxohjwmrgkc67idhqqmdnbbs7fptqki.jpeg
at://did:plc:tfrid4qrxolx4dmb6ubwnco4/app.bsky.feed.post/3llw6cunqvs2e,,Safe,Safe,Safe,graphic-media,https://huggingface.co/datasets/ines-abdelaziz/neurips-content-moderation/resolve/main/images/automod_unflagged/bafyreiex445mvkqatvnpg74f3b3wqtofzjzmrrul5orgomthguvbvze3gq.jpeg
at://did:plc:tg7ecd3eiqrspaqkj5mxr2p6/app.bsky.feed.post/3llnnewtlek24,,Safe,Safe,Safe,self-harm,https://huggingface.co/datasets/ines-abdelaziz/neurips-content-moderation/resolve/main/images/automod_unflagged/bafyreictzj3nffsrnau4csuqimjdg4e6amz3noyr6vdvjikmpr3v43lkm4.jpeg
at://did:plc:tgepumlh3sbgcihs2tfohhsf/app.bsky.feed.post/3lpiau2w25c2x,,Safe,Safe,Safe,porn,https://huggingface.co/datasets/ines-abdelaziz/neurips-content-moderation/resolve/main/images/automod_unflagged/bafyreibrn5dmomvxypdex6cxpoemsvfspaiio2tbxofew7jjwvhrne4f7q.jpeg
at://did:plc:tigpanhzlkd7fyyukkgkkmlu/app.bsky.feed.post/3lks66tp5fc2h,,Safe,Safe,Safe,porn,https://huggingface.co/datasets/ines-abdelaziz/neurips-content-moderation/resolve/main/images/automod_unflagged/bafyreiawk3v6zcwpf3y5ayocmanpkjhklohm75qoqk4wzcliaqv7qth5xi.jpeg
at://did:plc:toe6cpvivx6iwmrlh52dr6zj/app.bsky.feed.post/3llb2lompck2z,,Safe,Safe,Safe,nudity,https://huggingface.co/datasets/ines-abdelaziz/neurips-content-moderation/resolve/main/images/automod_unflagged/bafyreicarjzeai6fbuowen3dixigkjzl6wdzioxgcx3uhpcnckj5d7giju.jpeg
at://did:plc:tpox7wm63wkzgb4zjwbmrkvs/app.bsky.feed.post/3lm7xdaeuvk2c,,Safe,Safe,Safe,graphic-media,https://huggingface.co/datasets/ines-abdelaziz/neurips-content-moderation/resolve/main/images/automod_unflagged/bafyreih3ruxgt6g5qyfoq6eoxntqbfznh24hqgi77qrtk7erm4ewuqhnri.jpeg
at://did:plc:tyvci5xpuifcg5gotld4ied4/app.bsky.feed.post/3lq6x4hg6622m,,Safe,Safe,Safe,porn,https://huggingface.co/datasets/ines-abdelaziz/neurips-content-moderation/resolve/main/images/automod_unflagged/bafyreif2acngk6nst3h6blzx3s7swzp6dw2oawrmakctsijvkqkygrxqau.jpeg
at://did:plc:uikgmuab4whm4e5qgd45awjm/app.bsky.feed.post/3lo3pjky2dk2m,,Safe,Safe,Safe,sexual,https://huggingface.co/datasets/ines-abdelaziz/neurips-content-moderation/resolve/main/images/automod_unflagged/bafyreidswz72or253gff3hslitj6ofjkpnbjhrfep6mx2cxzqtqj5qchae.jpeg
at://did:plc:uyah6akammopuqvahebgcozj/app.bsky.feed.post/3lozw4ai54s26,,Unsafe,Safe,Disagree,sexual,https://huggingface.co/datasets/ines-abdelaziz/neurips-content-moderation/resolve/main/images/automod_unflagged/bafyreiavycpjoasrq3eifbycq3gofkbychb7dawzwwnb77r3sabvt4dajm.jpeg
at://did:plc:va2l4q7kg2cqkhlkabe3cqjn/app.bsky.feed.post/3lpebyy5upu2h,,Safe,Safe,Safe,porn,https://huggingface.co/datasets/ines-abdelaziz/neurips-content-moderation/resolve/main/images/automod_unflagged/bafyreihkkamqfaxiymyujxkbj7ex5xc5hmfmxf6rlbmfdoz2kwojsstuku.jpeg
at://did:plc:vafl5tmiukcwcfdnenf5laha/app.bsky.feed.post/3lmx5zwv4tk2n,,Unsafe,Unsafe,Unsafe,sexual,https://huggingface.co/datasets/ines-abdelaziz/neurips-content-moderation/resolve/main/images/automod_unflagged/bafyreidpyfbmvil7j7oeheyqrjk7jv2k3qs5jjri2rp6xiqcjxmvuhqnpm.jpeg
at://did:plc:vc6cqcj4bskbwqev5wewwjwl/app.bsky.feed.post/3lqkboegqfc2w,,Safe,Safe,Safe,nudity,https://huggingface.co/datasets/ines-abdelaziz/neurips-content-moderation/resolve/main/images/automod_unflagged/bafyreigku6tc63lb7vwl4m23uuo6b6bmh3a2rluumptpsktlfvhkeavc24.jpeg
at://did:plc:vfkb75eb5kostphhcmsti3fo/app.bsky.feed.post/3lok45gfxts2j,,Safe,Safe,Safe,graphic-media,https://huggingface.co/datasets/ines-abdelaziz/neurips-content-moderation/resolve/main/images/automod_unflagged/bafyreiekymru4dzvmko36lpf644qsf7k23l5laaxlbcvc7brlddyo75htq.jpeg
at://did:plc:vfmtystszucn7zth6i7rgxcz/app.bsky.feed.post/3lmmu4p6exk2j,,Safe,Safe,Safe,graphic-media,https://huggingface.co/datasets/ines-abdelaziz/neurips-content-moderation/resolve/main/images/automod_unflagged/bafyreigifxhakwe2mp2xoynohm6n547wvjrzw6iiu6pxxst6cn54hazb7q.jpeg
at://did:plc:vgmcsm6y5cl6onyqhffx4t3h/app.bsky.feed.post/3lpdew4iwqc2e,,Safe,Unsafe,Disagree,porn,https://huggingface.co/datasets/ines-abdelaziz/neurips-content-moderation/resolve/main/images/automod_unflagged/bafyreifoydeb6nxnb4l6vu22aqrdke5kocpulmdywnjknjsxpnivmct2ti.jpeg
at://did:plc:vkag3r7ilmkkpji35raaasqr/app.bsky.feed.post/3lpuehsfrpk2k,,Safe,Safe,Safe,graphic-media,https://huggingface.co/datasets/ines-abdelaziz/neurips-content-moderation/resolve/main/images/automod_unflagged/bafyreihuovn6tje6wzxtrfuie34zmti4gknwbi7n3zsuidzbvssq7lqpt4.jpeg
at://did:plc:vr5gv2vc7tb6on5psoofln6i/app.bsky.feed.post/3lqcxoblfec2u,,Unsafe,Safe,Disagree,sexual,https://huggingface.co/datasets/ines-abdelaziz/neurips-content-moderation/resolve/main/images/automod_unflagged/bafyreibzz22qm3xaxwf6fxaz4egwvc6dinrxkggv3wufxgpb7qz62eq5zu.jpeg
at://did:plc:vuvfnss5vdhoq3adq3vazu7z/app.bsky.feed.post/3lqu2csjhj22y,,Safe,Safe,Safe,graphic-media,https://huggingface.co/datasets/ines-abdelaziz/neurips-content-moderation/resolve/main/images/automod_unflagged/bafyreigwgbgaz2agxdrxahhazakqxyqkymeg5tdxe7uxzzvrvg7qzhwn7e.jpeg
at://did:plc:w4p43rotxsgtal3g6xqmwbpf/app.bsky.feed.post/3lm3csn4l3k2o,,Safe,Safe,Safe,self-harm,https://huggingface.co/datasets/ines-abdelaziz/neurips-content-moderation/resolve/main/images/automod_unflagged/bafyreibzojspdi7seyzjdzhnmefpinrzx3hvubhi5abekbg5gug5gbvtcy.jpeg
at://did:plc:waw5gpygw3m4h6o2mbe5cvj5/app.bsky.feed.post/3lnmyyygdis2w,,Safe,Safe,Safe,self-harm,https://huggingface.co/datasets/ines-abdelaziz/neurips-content-moderation/resolve/main/images/automod_unflagged/bafyreidfphdfe6p6lj4bfeehkazstmcvfmnrku6zzf3rvn4nv2wx7gnx7y.jpeg
at://did:plc:wbik3hwgjnfogketj3hg5rte/app.bsky.feed.post/3lrerjaab3c2y,,Safe,Safe,Safe,self-harm,https://huggingface.co/datasets/ines-abdelaziz/neurips-content-moderation/resolve/main/images/automod_unflagged/bafyreibtv3miwbclhnxtrg7lr4owor7clseo67dwmoa6jro2wyugl2zf6a.jpeg
at://did:plc:wclbgrnnq7h3wq62owtqnxn7/app.bsky.feed.post/3lmnevcm5v22c,,Safe,Safe,Safe,graphic-media,https://huggingface.co/datasets/ines-abdelaziz/neurips-content-moderation/resolve/main/images/automod_unflagged/bafyreidxrxlre3nipmh5kiu3wzvn535hkawbqof6ui6vflrh4czfllgizi.jpeg
at://did:plc:wdppa67kebcwd4ll2tp7vm2c/app.bsky.feed.post/3ln6tvnhbok2n,,Unsafe,Unsafe,Unsafe,graphic-media,https://huggingface.co/datasets/ines-abdelaziz/neurips-content-moderation/resolve/main/images/automod_unflagged/bafyreihmnigljjzojdxsgudfj6scktr4cyq3bhgpwbrtlbufc7jvqlwave.jpeg
at://did:plc:wgf2omogiwfvdei7bchh5s7r/app.bsky.feed.post/3loqsjjdmfs2z,,Safe,Safe,Safe,sexual,https://huggingface.co/datasets/ines-abdelaziz/neurips-content-moderation/resolve/main/images/automod_unflagged/bafyreig3dwtrzn3tafsjcddbek74y3p6ezvtitgpvukrieqnfbxqhakdha.jpeg
at://did:plc:wmvhfedw4z64l2t23vsees7k/app.bsky.feed.post/3lqn7e2zz7k22,,Safe,Safe,Safe,porn,https://huggingface.co/datasets/ines-abdelaziz/neurips-content-moderation/resolve/main/images/automod_unflagged/bafyreiavpgaaivsl2qpgy74pssf5mle6myx5oujo5rbhgyij43s7vdq6jm.jpeg
at://did:plc:wr5eevgoahl2bvbzpj2aysbj/app.bsky.feed.post/3lottnmzzsk2p,,Safe,Safe,Safe,porn,https://huggingface.co/datasets/ines-abdelaziz/neurips-content-moderation/resolve/main/images/automod_unflagged/bafyreigebr7ksptqbixosdefdvkebk32i6jezcjva4szqs54uet3heln2i.jpeg
at://did:plc:wtu7we2madaayqekewjfso3s/app.bsky.feed.post/3lqj5s626gk2z,,Safe,Safe,Safe,nudity,https://huggingface.co/datasets/ines-abdelaziz/neurips-content-moderation/resolve/main/images/automod_unflagged/bafyreigbnhkwq3kdflowni6sokorhxt6wmtippkbqmdnanxdrctibfewke.jpeg
at://did:plc:wwzbdrrl5e6fdcorsphelgv7/app.bsky.feed.post/3lqx75m27mc2w,,Safe,Safe,Safe,self-harm,https://huggingface.co/datasets/ines-abdelaziz/neurips-content-moderation/resolve/main/images/automod_unflagged/bafyreiefg5tem7mibpkht2guz6urg76va2qjmg4uibqrsl7ob4mm6unpfm.jpeg
at://did:plc:x3lmqzimpireu4ufoydgilfx/app.bsky.feed.post/3llszkyrtak2g,,Unsafe,Unsafe,Unsafe,sexual,https://huggingface.co/datasets/ines-abdelaziz/neurips-content-moderation/resolve/main/images/automod_unflagged/bafyreiazeqhfqqxwesxwgyuvo65kbl2iu2aph7fti5j3ycyhytxshcneba.jpeg
at://did:plc:x7b4dmcjistvbgwc66miqd4h/app.bsky.feed.post/3lmcx6sdvds2i,,Safe,Safe,Safe,porn,https://huggingface.co/datasets/ines-abdelaziz/neurips-content-moderation/resolve/main/images/automod_unflagged/bafyreifqi5zaibp2mlbab6clf2hpyoiaoq4clvpwomalusapy4jd2aguki.jpeg
at://did:plc:xc3nx6l7svjwo4hk6jgn43ah/app.bsky.feed.post/3lm7zh4rk422g,,Safe,Safe,Safe,nudity,https://huggingface.co/datasets/ines-abdelaziz/neurips-content-moderation/resolve/main/images/automod_unflagged/bafyreieo76glt3wkpxe2fat4wet3etv23hvy636gcjfyr3tgpmfpdtdwra.jpeg
at://did:plc:xgudqzxyj4p5z7lwd3ml3q6x/app.bsky.feed.post/3lnhce2p5qf2g,,Safe,Safe,Safe,porn,https://huggingface.co/datasets/ines-abdelaziz/neurips-content-moderation/resolve/main/images/automod_unflagged/bafyreih43lagbcmoox5gvdylrebp5wq2fn7ygslokuayepzmretyopqfwu.jpeg
at://did:plc:xlqokdxtowp5xhebqsqb5rkc/app.bsky.feed.post/3lnusjzxzss25,,Safe,Safe,Safe,self-harm,https://huggingface.co/datasets/ines-abdelaziz/neurips-content-moderation/resolve/main/images/automod_unflagged/bafyreian33ljvih3lzpsex6cce7t3vwwxgpdrovwss5bm4hgqdxio3wzmm.jpeg
at://did:plc:xpa6k3k7eea4trqquzbeqixs/app.bsky.feed.post/3llyi3tv3vc2r,,Safe,Safe,Safe,self-harm,https://huggingface.co/datasets/ines-abdelaziz/neurips-content-moderation/resolve/main/images/automod_unflagged/bafyreias7lygfvkq3gr322ajcteoxoxtjpggktwwnchh7jhrmn4kryo5qy.jpeg
at://did:plc:xpw57zzy36ezzq5ng7df4zdf/app.bsky.feed.post/3loilqmuldk25,,Safe,Safe,Safe,graphic-media,https://huggingface.co/datasets/ines-abdelaziz/neurips-content-moderation/resolve/main/images/automod_unflagged/bafyreihhhtw4fp7fdy5bl3hjux4bc5wyr2iznhluc55djcpqajdjlw5k6m.jpeg
at://did:plc:xqjupsvfnj7dgp5fazkldhkf/app.bsky.feed.post/3lqcnwtzjw22g,,Safe,Safe,Safe,porn,https://huggingface.co/datasets/ines-abdelaziz/neurips-content-moderation/resolve/main/images/automod_unflagged/bafyreifv5tpe7rwuhthsexwlpozdcya5cuay5v2jd2xldvyjuaune5dyyi.jpeg
at://did:plc:xsox5pq7tmuudmruhyw6h54g/app.bsky.feed.post/3lplrhzowb22i,,Unsafe,Safe,Disagree,sexual,https://huggingface.co/datasets/ines-abdelaziz/neurips-content-moderation/resolve/main/images/automod_unflagged/bafyreifjiavm6ogmmkexcwf3ywl5fz2ngpntwhsa5t4ykl3owkk3gzjzai.jpeg
at://did:plc:xtkxi3lh5gyaal7hyn2xmlzo/app.bsky.feed.post/3lnfhwnvpi22q,,Safe,Safe,Safe,nudity,https://huggingface.co/datasets/ines-abdelaziz/neurips-content-moderation/resolve/main/images/automod_unflagged/bafyreidvihckvgdgezcuzyt2jpelokoenkl7s3xdybxxnmvosnijascgwa.jpeg
at://did:plc:xu23ksnqda2kp6rnkhs5st7b/app.bsky.feed.post/3lo547pwxjs2t,,Safe,Safe,Safe,porn,https://huggingface.co/datasets/ines-abdelaziz/neurips-content-moderation/resolve/main/images/automod_unflagged/bafyreiftes74y4avhjlc4ieximkywlc243x5w3u5f4a3kjle3i35kt6ou4.jpeg
at://did:plc:y3cytcddmdfimm2xniggjgof/app.bsky.feed.post/3loljwyrxfc2u,,Safe,Safe,Safe,self-harm,https://huggingface.co/datasets/ines-abdelaziz/neurips-content-moderation/resolve/main/images/automod_unflagged/bafyreiabx55aebn5zng6cmokox3kz3eppyvm5kzivqbm6255sh4mcbr4ce.jpeg
at://did:plc:y4iisoblpgnamgrripzq6g7a/app.bsky.feed.post/3loj43cnya22k,,Safe,Safe,Safe,porn,https://huggingface.co/datasets/ines-abdelaziz/neurips-content-moderation/resolve/main/images/automod_unflagged/bafyreifa3e6bxvhukmkyvvm6iwdlpuytr6vpyvcg7rln5jvyqru724ras4.jpeg
at://did:plc:ybk6bbvu43vczi7sfrbrsurf/app.bsky.feed.post/3lkw2f2p5lk2u,,Safe,Safe,Safe,sexual,https://huggingface.co/datasets/ines-abdelaziz/neurips-content-moderation/resolve/main/images/automod_unflagged/bafyreibpdmvrx5yccitbpx2kl3aylzgbrlfht4wxapnmmbszlc43l357n4.jpeg
at://did:plc:ydolv32cthbtg3zzbacgu3ag/app.bsky.feed.post/3lpbkfc3lo227,,Unsafe,Safe,Disagree,graphic-media,https://huggingface.co/datasets/ines-abdelaziz/neurips-content-moderation/resolve/main/images/automod_unflagged/bafyreigawslun5xirbx42bhi7t2zbqr3pqtczop3237l3yin6gmerjj674.jpeg
at://did:plc:ygtjhdhgmpkqurv53jugzf3k/app.bsky.feed.post/3lqqj3mqug22d,,Safe,Safe,Safe,sexual,https://huggingface.co/datasets/ines-abdelaziz/neurips-content-moderation/resolve/main/images/automod_unflagged/bafyreicrkbtu2ivnwywd5qrsq3vnm5mq3oqsvmjqirxxwd5qkqmrm5ndha.jpeg
at://did:plc:yiklmcrjnkcyvyx54oukziy6/app.bsky.feed.post/3lml2npethc2g,,Safe,Safe,Safe,graphic-media,https://huggingface.co/datasets/ines-abdelaziz/neurips-content-moderation/resolve/main/images/automod_unflagged/bafyreihj2f2a7t4ko5e7ppukhohj65f24tz4z4625acdsdncsfui6ohiq4.jpeg
at://did:plc:ykeeg5n3nmoj7idtqcue3ayd/app.bsky.feed.post/3lmv57xbudt2o,,Unsafe,Unsafe,Unsafe,porn,https://huggingface.co/datasets/ines-abdelaziz/neurips-content-moderation/resolve/main/images/automod_unflagged/bafyreieo7h5fau4j72zeoai363mxgsw5m3retjcql6zxnfjglbw3tqvucy.jpeg
at://did:plc:ykeeg5n3nmoj7idtqcue3ayd/app.bsky.feed.post/3lmzhmxyctm2h,,Unsafe,Unsafe,Unsafe,porn,https://huggingface.co/datasets/ines-abdelaziz/neurips-content-moderation/resolve/main/images/automod_unflagged/bafyreidx26wnkrzwrxwuli6ulmlhhzp77eqnm2v6aragzym5ftpf25vmye.jpeg
at://did:plc:ykeeg5n3nmoj7idtqcue3ayd/app.bsky.feed.post/3lpng3zhivd2t,,Unsafe,Unsafe,Unsafe,porn,https://huggingface.co/datasets/ines-abdelaziz/neurips-content-moderation/resolve/main/images/automod_unflagged/bafyreifqr2kmef5e6fejiw5a6rcrlacy3qm5lzvkh63e7ggf4gcyqlcyxi.jpeg
at://did:plc:yo3akv7m7yxwodj376kocu2z/app.bsky.feed.post/3lm4q2qiau224,,Safe,Safe,Safe,graphic-media,https://huggingface.co/datasets/ines-abdelaziz/neurips-content-moderation/resolve/main/images/automod_unflagged/bafyreigjvzn6c7ymjdzwnfxzspcasarvstvjehtpcp3fzrow53vr3dc2f4.jpeg
at://did:plc:yrmgk5rypkgzbazflawdjbeo/app.bsky.feed.post/3lqqndxbyqk2e,,Safe,Safe,Safe,porn,https://huggingface.co/datasets/ines-abdelaziz/neurips-content-moderation/resolve/main/images/automod_unflagged/bafyreiayeut2q6psd35p3h5jkytoljdwtvn7n7jgfnbckwhpfsqflv5ily.jpeg
at://did:plc:z5rpf3zrj7nknwkogqwrez55/app.bsky.feed.post/3lo4j7ylujk2s,,Safe,Safe,Safe,nudity,https://huggingface.co/datasets/ines-abdelaziz/neurips-content-moderation/resolve/main/images/automod_unflagged/bafyreialxjpq3yzqy3mcxyosc7vxibm6f26efyylh4avmfkgwkpsswgqkq.jpeg
at://did:plc:zinsigizyag5gnbrau2jhscu/app.bsky.feed.post/3lprnxtcpbk2m,,Safe,Safe,Safe,graphic-media,https://huggingface.co/datasets/ines-abdelaziz/neurips-content-moderation/resolve/main/images/automod_unflagged/bafyreibsyyemttmdeplanct5na55xxsucyvyxugz2mvuuncakjhne3wp4q.jpeg
at://did:plc:zmuqebiqxu5grvzkxv2marbs/app.bsky.feed.post/3lnxjz3564s2w,,Unsafe,Unsafe,Unsafe,porn,https://huggingface.co/datasets/ines-abdelaziz/neurips-content-moderation/resolve/main/images/automod_unflagged/bafyreibomy6htsbzwttv2zqp3g7vzrsnr6mnqfioc2xtsg64xg4so4j2ji.jpeg
at://did:plc:ztp6btway63m5esb4hx237ih/app.bsky.feed.post/3lqiiyofuws2v,,Safe,Unsafe,Disagree,graphic-media,https://huggingface.co/datasets/ines-abdelaziz/neurips-content-moderation/resolve/main/images/automod_unflagged/bafyreihfhw7si3dpzlqlgocuijetzoojb4if7cksnpqnej2dgxdpgvcsdu.jpeg
at://did:plc:zw24ml6gdego72d6eg57sy7c/app.bsky.feed.post/3lo4r6vj75c2a,,Safe,Safe,Safe,graphic-media,https://huggingface.co/datasets/ines-abdelaziz/neurips-content-moderation/resolve/main/images/automod_unflagged/bafyreifmgyzs5qhbo2tgwv7yrfyjiygf7hwy7f74hbk46acjkyr7hrbufq.jpeg
at://did:plc:zx3bnfbr7d64vaccwv4e743t/app.bsky.feed.post/3lq4kfukns22r,,Safe,Safe,Safe,sexual,https://huggingface.co/datasets/ines-abdelaziz/neurips-content-moderation/resolve/main/images/automod_unflagged/bafyreic5dtgkl6e4dk6ie7jrjqcl7avad5zpo7faovahg7deef27j7jq24.jpeg
at://did:plc:zzj6h5fa6ewiexcbps6cdaju/app.bsky.feed.post/3lps2b5p3ac2q,,Safe,Safe,Safe,porn,https://huggingface.co/datasets/ines-abdelaziz/neurips-content-moderation/resolve/main/images/automod_unflagged/bafyreifbg6lnzfrmdoefmvnszo4bhya23v5tfds3lxa536qgip5a4mkfsi.jpeg
