post_num,model_pred,post_id,post_did,post_uri,text,has_image,image_file,image_path,image_url,true_label,source_set,num_preds_safe,is_reply
1,safe,bafyreifnbgaey2fkohcqycwsgeoxbcjol35boiiajuqxaopfny5bwwhkue,did:plc:ydlnjujb2p6oiph3bwwokd5r,at://did:plc:ydlnjujb2p6oiph3bwwokd5r/app.bsky.feed.post/3lprx3yje5c2q,FT | Heidenheim 2-2 Elversberg - It's all to play for on Monday night after the hosts fight back from 2-0 down to level the tie after 90 minutes; an excellent response after 2. Bundesliga side Elversberg impressed in the opening 45.,False,,,,,,7,False
2,safe,bafyreiakstringx5vqaijdduxxr4mvm2bj45b2cmt33dqpahcznpc6rszu,did:plc:f7s4kiriqkvkhilsc6ddcqae,at://did:plc:f7s4kiriqkvkhilsc6ddcqae/app.bsky.feed.post/3lktu45phl62q,"Dear Cardiff,
Is it really that hard to keep the streets clean?",False,,,,,,7,False
3,safe,bafyreig46nb3ly3zqij6gdp774xz4h3lpvxlkcbdabep4pcyshjpz56dri,did:plc:ksg4xbvtphd5vdyhe5jc2htx,at://did:plc:ksg4xbvtphd5vdyhe5jc2htx/app.bsky.feed.post/3llzu7b7a322p,Taxes are done. We only yelled at one another four times.,False,,,,,,7,False
4,safe,bafyreiftefao5lofcrq3n4dii4vug5e4eoqmqghhcbrkypm6dyejglzvum,did:plc:hutgcu3lcjoq73avhkdl7j33,at://did:plc:hutgcu3lcjoq73avhkdl7j33/app.bsky.feed.post/3lmqbwztjvs2l,"In 2025, embrace the power of rituals! They can ground you and connect you to the sacred energies of the universe. 🔮 #TamilNewYear #DivineDarshan #spiritualawakening #Nithyananda #Kailasa",False,,,,,,7,False
5,safe,bafyreif7ohhwywwg6wp5czb4j4s252tfwbfjhf3bxjwgigxynmjp4rsgnu,did:plc:keqsxz6zm2wotwvs674h6tl7,at://did:plc:keqsxz6zm2wotwvs674h6tl7/app.bsky.feed.post/3ln7bqsjhqk2c,How did Pennsylvania pick Fetterman over @conorlambpa.bsky.social???,False,,,,,,7,False
6,safe,bafyreig63igbsvqyefk7pvm7bjqfxhl5ffevwczpxmqcsybdmdfjl32ovu,did:plc:c3s4woz2dxksop7zr4fahtd3,at://did:plc:c3s4woz2dxksop7zr4fahtd3/app.bsky.feed.post/3lor4posmhv2a,WOOF WOOF~ 🐶🐶🐶,False,,,,,,7,False
7,safe,bafyreihlw5srugnfu46cv46lsfuzsxqetwnogvzyllmarr4gdzmqf3y354,did:plc:y57ycvqcev3c3d56f7zkkc2e,at://did:plc:y57ycvqcev3c3d56f7zkkc2e/app.bsky.feed.post/3lozyfpapnk2i,"Gooooooooood morning you gorgeous people. 
Guess who went to bed at a reasonable time (for once) and is now awake when it's cool enough to actually draw. 
Thisss guyyyy. 

Have a wonderful day, ily ♡",False,,,,,,7,False
8,safe,bafyreicuw7zonhgbgos5qgqlrvwcabh2ww2pntitstc6hulubbfiy2uv2q,did:plc:xzmspg6mogauotd6fwk746lo,at://did:plc:xzmspg6mogauotd6fwk746lo/app.bsky.feed.post/3lkt6avqgz227,"The audacity of Assassin's Creed Shadows and Xenoblade Chronicles X to come out on the same exact day, right as my Spring Break begins.",False,,,,,,7,False
9,safe,bafyreigzfgiamjkqikdpijehotb6ovtbite7big3d37jwk6j552awvizja,did:plc:ohb3fyfc2fz45qyyrfngedek,at://did:plc:ohb3fyfc2fz45qyyrfngedek/app.bsky.feed.post/3lpp37q2yu22o,"I think yung turbulence kanina did something to my brain, and i'm still assessing if it's a good or bad thing, or a secret third thing",False,,,,,,7,False
10,safe,bafyreic3k4ms2auo7j7llot7uubzx6tp67xmxmjtubgshkpl36dc3fudzy,did:plc:blxbxjnr4tcmt2marjmlnczr,at://did:plc:blxbxjnr4tcmt2marjmlnczr/app.bsky.feed.post/3lphkdeibeb24,Creation of the World XI https://www.wikiart.org/en/mikalojus-ciurlionis/creation-of-the-world-xi-1906,True,bafyreic3k4ms2auo7j7llot7uubzx6tp67xmxmjtubgshkpl36dc3fudzy.jpeg,/NS/decentralized-social-media_dataset1/nobackup/dataset_nsfw_firehose_pds_all/images/bafyreic3k4ms2auo7j7llot7uubzx6tp67xmxmjtubgshkpl36dc3fudzy.jpeg,https://raw.githubusercontent.com/Ines-Abdelaziz/bsky-survey-images/main/images/bafyreic3k4ms2auo7j7llot7uubzx6tp67xmxmjtubgshkpl36dc3fudzy.jpeg,,,7,False
11,safe,bafyreigyaixvb5klgawnt6pvesqe442gbrokxxefvwf2bzfppmeaucaica,did:plc:6txkgf2ijlklkoaghfpn4ikj,at://did:plc:6txkgf2ijlklkoaghfpn4ikj/app.bsky.feed.post/3ll3rytiq4k2i,crawfish boiler room?,False,,,,,,7,False
12,safe,bafyreiakgxagvjcanzjjoaday35pdanccugsjhb5ufxbesxoq2ogyf24ry,did:plc:2je4n3ciijkafdbzfd5oysfo,at://did:plc:2je4n3ciijkafdbzfd5oysfo/app.bsky.feed.post/3lowhckl7uk2m,"@kamu.bsky.social 
I'm hoping to be the first to show you!",True,bafyreiakgxagvjcanzjjoaday35pdanccugsjhb5ufxbesxoq2ogyf24ry.jpeg,/NS/decentralized-social-media_dataset1/nobackup/dataset_nsfw_firehose_pds_all/images/bafyreiakgxagvjcanzjjoaday35pdanccugsjhb5ufxbesxoq2ogyf24ry.jpeg,https://raw.githubusercontent.com/Ines-Abdelaziz/bsky-survey-images/main/images/bafyreiakgxagvjcanzjjoaday35pdanccugsjhb5ufxbesxoq2ogyf24ry.jpeg,,,7,False
13,safe,bafyreids2rcexsyexgnawz2w3lbpd6ag43ux5awq6stlrnuonkbd4fzvee,did:plc:rjsiuc2vsieggqqd22kupmz6,at://did:plc:rjsiuc2vsieggqqd22kupmz6/app.bsky.feed.post/3logobwumuf2o,"#HGX issues Free Text Message (FTM) at May 5, 15:21 UTC Link",False,,,,,,7,False
14,safe,bafyreiequ5u6rmx2bauhgsgtd7qmfag44huqsfd7qx2nfkkmxgfwsadvoe,did:plc:qch4pzsitu2mfpsce2rj4eql,at://did:plc:qch4pzsitu2mfpsce2rj4eql/app.bsky.feed.post/3lllolewxzc24,"Now playing - misfits
#nowplaying #vinyl",True,bafyreiequ5u6rmx2bauhgsgtd7qmfag44huqsfd7qx2nfkkmxgfwsadvoe.jpeg,/NS/decentralized-social-media_dataset1/nobackup/dataset_nsfw_firehose_pds_all/images/bafyreiequ5u6rmx2bauhgsgtd7qmfag44huqsfd7qx2nfkkmxgfwsadvoe.jpeg,https://raw.githubusercontent.com/Ines-Abdelaziz/bsky-survey-images/main/images/bafyreiequ5u6rmx2bauhgsgtd7qmfag44huqsfd7qx2nfkkmxgfwsadvoe.jpeg,,,7,False
15,safe,bafyreigv4c7i3zwq3f7zuyopagohex4mc2i2yxghc3lzbe2a3m72d5icgu,did:plc:cdjvfm3oe4ipkldja3cmps5x,at://did:plc:cdjvfm3oe4ipkldja3cmps5x/app.bsky.feed.post/3llpyeejtx722,🕚 TICTAC TICTAC TICTAC TICTAC TICTAC TICTAC TICTAC TICTAC TICTAC TICTAC TICTAC,False,,,,,,7,False
16,safe,bafyreicuqz5ztcgtikbyj4ebfsau5ivf7bhfijoeampg7bevxv75np5dvi,did:plc:er3yepfwlohiku6rbopcqtvg,at://did:plc:er3yepfwlohiku6rbopcqtvg/app.bsky.feed.post/3lqynciwoy22a,☺️☺️,False,,,,,,7,False
17,safe,bafyreieswsoad2sfdsuimwyxcy5nmpqaylyylacutq65gqcwuqmyumslxu,did:plc:mrguljs4ifxwwdrtgzbsd6td,at://did:plc:mrguljs4ifxwwdrtgzbsd6td/app.bsky.feed.post/3lrajbb3vkw24,"LBF issues Area Forecast Discussion (AFD) at Jun 10, 3:43 AM CDT
at Tue, 10 Jun 2025 08:44:45 +0000 via IEMbot
Additional Details Here.",False,,,,,,7,False
18,safe,bafyreih7bly47n73zoksmoew4jplb54lqqcci6sfh6c24mp5j5li2ep3fi,did:plc:pobejoml6x5t234aywgo3c3a,at://did:plc:pobejoml6x5t234aywgo3c3a/app.bsky.feed.post/3lr7kg6kcgc2l,,True,bafyreih7bly47n73zoksmoew4jplb54lqqcci6sfh6c24mp5j5li2ep3fi.jpeg,/NS/decentralized-social-media_dataset1/nobackup/dataset_nsfw_firehose_pds_all/images/bafyreih7bly47n73zoksmoew4jplb54lqqcci6sfh6c24mp5j5li2ep3fi.jpeg,https://raw.githubusercontent.com/Ines-Abdelaziz/bsky-survey-images/main/images/bafyreih7bly47n73zoksmoew4jplb54lqqcci6sfh6c24mp5j5li2ep3fi.jpeg,,,7,False
19,safe,bafyreih3aivjazznnjka6m7ohjaz2uxobuj4yl45hzqkpz3pqpjdpj7ghi,did:plc:2lqil473dbk5jqwduw55qoey,at://did:plc:2lqil473dbk5jqwduw55qoey/app.bsky.feed.post/3lr6divigli2a,"Unforgotten Book Review! | Defying Impossible - Defying Impossible’s Unforgotten Book Review!  It includes...

tmblr.co/Zyh7Zs1AtcKXR",False,,,,,,7,False
20,safe,bafyreiaaf3ak5ztun3cu5g24u2fowoihwv2kprzmbwmn4wy4jsim6knlhe,did:plc:e2s3yhvncv2aud2bwqnhfqsj,at://did:plc:e2s3yhvncv2aud2bwqnhfqsj/app.bsky.feed.post/3lld2bbu5gx2h,"""Believe in yourself, take the leap, and watch the universe conspire to make your dreams a reality. #Empowerment""",True,bafyreiaaf3ak5ztun3cu5g24u2fowoihwv2kprzmbwmn4wy4jsim6knlhe.jpeg,/NS/decentralized-social-media_dataset1/nobackup/dataset_nsfw_firehose_pds_all/images/bafyreiaaf3ak5ztun3cu5g24u2fowoihwv2kprzmbwmn4wy4jsim6knlhe.jpeg,https://raw.githubusercontent.com/Ines-Abdelaziz/bsky-survey-images/main/images/bafyreiaaf3ak5ztun3cu5g24u2fowoihwv2kprzmbwmn4wy4jsim6knlhe.jpeg,,,7,False
21,safe,bafyreigmy43niidlhgmlwfgp5642c7gyscm5erpxavirtbsudkwkyewwem,did:plc:zywehhnzmda5fc2agivcao3y,at://did:plc:zywehhnzmda5fc2agivcao3y/app.bsky.feed.post/3lnofs3eh622k,lmao someone shelved Bob the Drag Queen's new novel (Harriet Tubman: Live in Concert) under D for Drag,False,,,,,,7,False
22,safe,bafyreicks6xpptbrtxqf2rt7dvsofbqyf5253fnl4n6botl5eo4o75hbdu,did:plc:xvnjp2f2fhluoswjrav4oahw,at://did:plc:xvnjp2f2fhluoswjrav4oahw/app.bsky.feed.post/3lnwqu6ehkk2d,"Apparently Bruce Fanjoy has been knocking on doors and meeting with constituents for 2 years 😭 

Ig there's your answer as to why he beat poilievre",False,,,,,,7,False
23,safe,bafyreiessasl5g6uropiqxnkaaifxagtt7klhgt73igrabfk6ols4i2omy,did:plc:b2otcq6nbqqq5cux6d3m2k2i,at://did:plc:b2otcq6nbqqq5cux6d3m2k2i/app.bsky.feed.post/3ll45tqaitt2u,Buried beneath the dirt of fear,False,,,,,,7,False
24,safe,bafyreifkpvlczl47gpleitmdroz6shsuo6v47h3gcqp6rbepk3ivvqufau,did:plc:jfpzmflhy3zr4jj5j3zskprb,at://did:plc:jfpzmflhy3zr4jj5j3zskprb/app.bsky.feed.post/3lo3od2yhnk26,I’m tired and I’m gonna sleep. I am EXTREMELY excited for at least one video that coming out soon but also getting the assassins creed video done too,False,,,,,,7,False
25,safe,bafyreihr2xt5rob7ukwo4mj5ediqk4mzgg72z3vzm5zrw3vkeafhhuheie,did:plc:z4ky2chc64hhhmlvunuulh3l,at://did:plc:z4ky2chc64hhhmlvunuulh3l/app.bsky.feed.post/3lmmqvl4p2k2n,"flushed away out of context #17
who put SPIDERS",True,bafyreihr2xt5rob7ukwo4mj5ediqk4mzgg72z3vzm5zrw3vkeafhhuheie.jpeg,/NS/decentralized-social-media_dataset1/nobackup/dataset_nsfw_firehose_pds_all/images/bafyreihr2xt5rob7ukwo4mj5ediqk4mzgg72z3vzm5zrw3vkeafhhuheie.jpeg,https://raw.githubusercontent.com/Ines-Abdelaziz/bsky-survey-images/main/images/bafyreihr2xt5rob7ukwo4mj5ediqk4mzgg72z3vzm5zrw3vkeafhhuheie.jpeg,,,7,False
26,unsafe,bafyreid3hvurcs7i45zqce25t4odpqzhued4xa42kq6xitpwozuzyrbnnu,did:plc:uj3praoongidr6qld2qkohoy,at://did:plc:uj3praoongidr6qld2qkohoy/app.bsky.feed.post/3lkvhzfhtus2s,being a working furry artist means scrolling socials for hours trying to determine who the hottest rule 34 babes are atm,False,,,,,agreement in unsafe type,0,False
27,unsafe,bafyreihqtafdkg3526dprydb5nptfivtmfx33ilzhjp22akmh4t2b3edim,did:plc:45skgw4wltyzgyja3hpvx5wx,at://did:plc:45skgw4wltyzgyja3hpvx5wx/app.bsky.feed.post/3llwbg6zbjs2r,"Mmmmm okay bi boy, I see you still trying to hit. I'm game.",False,,,,,agreement in unsafe type,0,False
28,unsafe,bafyreiektmtttbtcpdkpbdohuyrszlu3glmazmqdtrhf4snkxi3mvz2yju,did:plc:v6c4yn7we47jpt4hoyfuz6vq,at://did:plc:v6c4yn7we47jpt4hoyfuz6vq/app.bsky.feed.post/3lm22ff634k2p,Is it wrong to wanna have a diapered Trans puppy girl nurse me and melt my brain with her milk~,False,,,,,agreement in unsafe type,0,False
29,unsafe,bafyreievghooopzsliwn7ir2w5ksfo47y7fwqlvzqd3ipetszh7dbcbfxq,did:plc:fmkp3zzozj25yhpwpe62qfs6,at://did:plc:fmkp3zzozj25yhpwpe62qfs6/app.bsky.feed.post/3lnqh32u5ak2a,"Gotta love boys in panties!

Btw, just posted a couple chapters in my latest story at wiptopping.com. Enjoy!",True,bafyreievghooopzsliwn7ir2w5ksfo47y7fwqlvzqd3ipetszh7dbcbfxq.jpeg,/NS/decentralized-social-media_dataset1/nobackup/dataset_nsfw_firehose_pds_all/images/bafyreievghooopzsliwn7ir2w5ksfo47y7fwqlvzqd3ipetszh7dbcbfxq.jpeg,https://raw.githubusercontent.com/Ines-Abdelaziz/bsky-survey-images/main/images/bafyreievghooopzsliwn7ir2w5ksfo47y7fwqlvzqd3ipetszh7dbcbfxq.jpeg,,agreement in unsafe type,0,False
30,unsafe,bafyreiginoszm6axh7czbcpx32nu6geu43hgzkld72gwg3otv6bjcs7kyi,did:plc:mdbcftu5ixznxsp2zbine52n,at://did:plc:mdbcftu5ixznxsp2zbine52n/app.bsky.feed.post/3lko5pqek7k2j,Getting into macro exclusively to enjoy destroying industrial infrastructure,False,,,,,agreement in unsafe type,0,False
31,unsafe,bafyreiaa5hh3bguc3jh7bckgxu3vygey3tbmd3ikawxil4sa52ahvopgv4,did:plc:z6jfjptrq35dq5twp7i7xi5x,at://did:plc:z6jfjptrq35dq5twp7i7xi5x/app.bsky.feed.post/3lpswi5rfec2x,My mom is fucking insane I hate her so fucking much,False,,,,,agreement in unsafe type,0,False
32,unsafe,bafyreicyof352wwc5gow2n3nldxkrb37lwwezy5zkkmy6j7sge6jqwc66i,did:plc:t5lwum57zjnb4dsf6ksg27cf,at://did:plc:t5lwum57zjnb4dsf6ksg27cf/app.bsky.feed.post/3lnrx7aw22c26,"Wanna play rough then 😏 ?

#mistress #femdom #thighhighs #boots #bdsm #kink",True,bafyreicyof352wwc5gow2n3nldxkrb37lwwezy5zkkmy6j7sge6jqwc66i.jpeg,/NS/decentralized-social-media_dataset1/nobackup/dataset_nsfw_firehose_pds_all/images/bafyreicyof352wwc5gow2n3nldxkrb37lwwezy5zkkmy6j7sge6jqwc66i.jpeg,https://raw.githubusercontent.com/Ines-Abdelaziz/bsky-survey-images/main/images/bafyreicyof352wwc5gow2n3nldxkrb37lwwezy5zkkmy6j7sge6jqwc66i.jpeg,,agreement in unsafe type,0,False
33,unsafe,bafyreifgfbudilsa7fyn6wnxewcc36onqezrhpiubwvkzohqcc5jl4gz5i,did:plc:x7djwvonoz2aemv4jg2ihjjl,at://did:plc:x7djwvonoz2aemv4jg2ihjjl/app.bsky.feed.post/3lnrdhayzrk2r,"#creampie #cumshot #cumslut #bisexual #facesitting #Pussy #tattooed #boobs #ass #pussy #naked #tits  #flashing #naughty #smiles #bigboobs #alternative #cuckold #erotic #sensuality #hugeboobs #hugeclit
#nsfw #nsfwbluesky #18+ #xxx #nipples #wife #spicysky #daddygirl #girlnextdoor #lesbian #petite",True,bafyreifgfbudilsa7fyn6wnxewcc36onqezrhpiubwvkzohqcc5jl4gz5i.jpeg,/NS/decentralized-social-media_dataset1/nobackup/dataset_nsfw_firehose_pds_all/images/bafyreifgfbudilsa7fyn6wnxewcc36onqezrhpiubwvkzohqcc5jl4gz5i.jpeg,https://raw.githubusercontent.com/Ines-Abdelaziz/bsky-survey-images/main/images/bafyreifgfbudilsa7fyn6wnxewcc36onqezrhpiubwvkzohqcc5jl4gz5i.jpeg,,agreement in unsafe type,0,False
34,unsafe,bafyreib5nhj2b52fmc3zindnh2aj5gzdyyofilet64znqs2lb4z2atgoni,did:plc:7p72bni37uo5jwisthpvp3sn,at://did:plc:7p72bni37uo5jwisthpvp3sn/app.bsky.feed.post/3loaz625go22v,"I wonder, are there any NSFW “magazines” or comic book collections with a Vore theme like “Dragon's hoard: NomNoms”?

If there were any available, would you be interested?

#vore #nsfw",True,bafyreib5nhj2b52fmc3zindnh2aj5gzdyyofilet64znqs2lb4z2atgoni.jpeg,/NS/decentralized-social-media_dataset1/nobackup/dataset_nsfw_firehose_pds_all/images/bafyreib5nhj2b52fmc3zindnh2aj5gzdyyofilet64znqs2lb4z2atgoni.jpeg,https://raw.githubusercontent.com/Ines-Abdelaziz/bsky-survey-images/main/images/bafyreib5nhj2b52fmc3zindnh2aj5gzdyyofilet64znqs2lb4z2atgoni.jpeg,,agreement in unsafe type,0,False
35,unsafe,bafyreiapu43ow35deyziwxnyqrhgcerusmmpq7b25mvptyes6g3lo4j7p4,did:plc:5bsupqab2j34m24zcvdf6d6y,at://did:plc:5bsupqab2j34m24zcvdf6d6y/app.bsky.feed.post/3llz6fk73js2z,"Worship your Queen 
#mistress #femdom #mature #milf #mombod #blueeyes",True,bafyreiapu43ow35deyziwxnyqrhgcerusmmpq7b25mvptyes6g3lo4j7p4.jpeg,/NS/decentralized-social-media_dataset1/nobackup/dataset_nsfw_firehose_pds_all/images/bafyreiapu43ow35deyziwxnyqrhgcerusmmpq7b25mvptyes6g3lo4j7p4.jpeg,https://raw.githubusercontent.com/Ines-Abdelaziz/bsky-survey-images/main/images/bafyreiapu43ow35deyziwxnyqrhgcerusmmpq7b25mvptyes6g3lo4j7p4.jpeg,,agreement in unsafe type,0,False
36,unsafe,bafyreibkv4qvojmubh7ucv6ooe34kvtakusce7ta5n3e5guic6jgxkwwym,did:plc:ksgbv2pmbpqxznkvcn4nm2vt,at://did:plc:ksgbv2pmbpqxznkvcn4nm2vt/app.bsky.feed.post/3lrfxgsc3cc2g,Incredible boob day,False,,,,,agreement in unsafe type,0,False
37,unsafe,bafyreiexbnibv6wtcofonlhacgyrgehxaut2awyvr4crxdpi3i3ganqlbm,did:plc:ghbxo44pcourncrnih3bwil4,at://did:plc:ghbxo44pcourncrnih3bwil4/app.bsky.feed.post/3lpngy3ghz22x,wdym oomf is moving to my city bro im actually gonna kms,False,,,,,agreement in unsafe type,0,False
38,unsafe,bafyreiawpg2znnxksrhzeqchergpdcabpthotnv2jkwyqxe55vavazu77m,did:plc:qi3gnofwnsup6xg76hm5zyul,at://did:plc:qi3gnofwnsup6xg76hm5zyul/app.bsky.feed.post/3lldjg3g3fk2p,"Power Reacts to Me Cumming on Her - Chainsaw Man Cum Tribute (AI Voice)

Link to Vid: www.erome.com/a/8s2Rn5rO",True,bafyreiawpg2znnxksrhzeqchergpdcabpthotnv2jkwyqxe55vavazu77m.jpeg,/NS/decentralized-social-media_dataset1/nobackup/dataset_nsfw_firehose_pds_all/images/bafyreiawpg2znnxksrhzeqchergpdcabpthotnv2jkwyqxe55vavazu77m.jpeg,https://raw.githubusercontent.com/Ines-Abdelaziz/bsky-survey-images/main/images/bafyreiawpg2znnxksrhzeqchergpdcabpthotnv2jkwyqxe55vavazu77m.jpeg,,disagreement in unsafe type,0,False
39,unsafe,bafyreie5g77i6hh7k5grlraexnix3f7ejfwt3x2amsrfuads43slt4ehoy,did:plc:hcxdrqmj5demcpexuov6ytvd,at://did:plc:hcxdrqmj5demcpexuov6ytvd/app.bsky.feed.post/3lmxnjpww7s2w,"I want to see Dementia
Don arrested and sent to an El Salvadoran prison.",True,bafyreie5g77i6hh7k5grlraexnix3f7ejfwt3x2amsrfuads43slt4ehoy.jpeg,/NS/decentralized-social-media_dataset1/nobackup/dataset_nsfw_firehose_pds_all/images/bafyreie5g77i6hh7k5grlraexnix3f7ejfwt3x2amsrfuads43slt4ehoy.jpeg,https://raw.githubusercontent.com/Ines-Abdelaziz/bsky-survey-images/main/images/bafyreie5g77i6hh7k5grlraexnix3f7ejfwt3x2amsrfuads43slt4ehoy.jpeg,,disagreement in unsafe type,0,False
40,unsafe,bafyreiamhumu62wcir2j7geh5xb6abxe35anrhnzkvxlacvc6cjnxlieva,did:plc:loczmm6eoa2h7bofok2btbmu,at://did:plc:loczmm6eoa2h7bofok2btbmu/app.bsky.feed.post/3lm32waygzs2o,"I love myself a big and juicy cock ♥️ Who wants to be the first to pound my pussy?

Call 1-888-704-6848 and ask for Parker :)

#phonesex #nsfw #bigtits #bigass #tittyfuck #fantasyfulfillment #femdom #femaledomination",False,,,,,disagreement in unsafe type,0,False
41,unsafe,bafyreifjwsz5ku3q26djm7bhijbni4sgkfntxfgkpgqo6fxclmc4szh4lu,did:plc:h3p7k4dz7a4oeddchigcudh2,at://did:plc:h3p7k4dz7a4oeddchigcudh2/app.bsky.feed.post/3lmsucjpcmk2q,i hope my trainer makes me cum over and over until i cry tn :3c,False,,,,,disagreement in unsafe type,0,False
42,unsafe,bafyreihy7bxl4jtuougzhniuvez4c2f4znmbu6yqkwi2r443ajwxm2dinu,did:plc:py5kkdhbiygv6wx2jgbswgal,at://did:plc:py5kkdhbiygv6wx2jgbswgal/app.bsky.feed.post/3lr4gpyh5fz2q,"The Nazis will not win but are likely to kill and injure quite a few of us in their vain attempt to subvert the will of the people. I also believe that these incompetent Nazi turds will destroy the country, the economy and democracy in the process. 

I hope that I’m wrong.",False,,,,,disagreement in unsafe type,0,False
43,unsafe,bafyreidoocre4pis6j3gr2fz7cbvjuvxm35egyd5572yibifj4kam7cgaq,did:plc:z6avjz2pweknryvwusyzqagj,at://did:plc:z6avjz2pweknryvwusyzqagj/app.bsky.feed.post/3ln256n4aou27,"Pay to be ignored.
Pay to be humiliated.
Pay for the honor of being beneath my heels.
✨ I am Evelyn Night — the dark enchantress of your financial undoing.
💸 Tribute to vanish beneath my shadow.
#Findom #GoddessEvelyn #PayPig #IgnoreYouForCash #FinancialDomination",False,,,,,disagreement in unsafe type,0,False
44,unsafe,bafyreicsh2a3vecw7hnez4rib6jsdcjypdjyz4mlcjn4vft76fynzxrvuy,did:plc:hk3iyiiuwry7l3453suenfnh,at://did:plc:hk3iyiiuwry7l3453suenfnh/app.bsky.feed.post/3lpcrzbt2h226,,True,bafyreicsh2a3vecw7hnez4rib6jsdcjypdjyz4mlcjn4vft76fynzxrvuy.jpeg,/NS/decentralized-social-media_dataset1/nobackup/dataset_nsfw_firehose_pds_all/images/bafyreicsh2a3vecw7hnez4rib6jsdcjypdjyz4mlcjn4vft76fynzxrvuy.jpeg,https://raw.githubusercontent.com/Ines-Abdelaziz/bsky-survey-images/main/images/bafyreicsh2a3vecw7hnez4rib6jsdcjypdjyz4mlcjn4vft76fynzxrvuy.jpeg,,disagreement in unsafe type,0,False
45,unsafe,bafyreifyk66bhonxws3zoaie4ydr7idxogark5qlbhagoibscdfp7xnvry,did:plc:bgxsyo7h7n7y6kkwj3tjdc3j,at://did:plc:bgxsyo7h7n7y6kkwj3tjdc3j/app.bsky.feed.post/3lnwce5tb7k2p,Who wants to bet a lot of Republicans slit their throats when this is all over? 👠,False,,,,,disagreement in unsafe type,0,False
46,unsafe,bafyreiafz32d44e53hvu63xiw2ytkkaqxlifalgbujjiewqw42pvaarjwe,did:plc:3s6r6lwlcbp7gaesvg42ga46,at://did:plc:3s6r6lwlcbp7gaesvg42ga46/app.bsky.feed.post/3ll5u2omhus2u,"Also… HE’s AUTISTIC. True! Perhaps this is why he doesn’t understand HOW HIS ACTIONS ARE HURTING PEOPLE? How else can you explain his actions?..
That is a question. Everybody wants to know 
“….what  do you think you’re  doing???????
He’s really out of touch…..",True,bafyreiafz32d44e53hvu63xiw2ytkkaqxlifalgbujjiewqw42pvaarjwe.jpeg,/NS/decentralized-social-media_dataset1/nobackup/dataset_nsfw_firehose_pds_all/images/bafyreiafz32d44e53hvu63xiw2ytkkaqxlifalgbujjiewqw42pvaarjwe.jpeg,https://raw.githubusercontent.com/Ines-Abdelaziz/bsky-survey-images/main/images/bafyreiafz32d44e53hvu63xiw2ytkkaqxlifalgbujjiewqw42pvaarjwe.jpeg,,disagreement in unsafe type,0,False
47,unsafe,bafyreie5wcckxszhvno7qakfrmc6xcn35u4k7p3pcmf5gf3ce6j3oe4xu4,did:plc:jae2hge7giidufcevvg3sjir,at://did:plc:jae2hge7giidufcevvg3sjir/app.bsky.feed.post/3ll7zkwdeik2c,"Is in the mood to slap @sallyalicaacorn.bsky.social's ass, but worried as to what their reaction would be, due to them being a good fighter.

""Should I, or shouldn't I..?""",False,,,,,disagreement in unsafe type,0,False
48,unsafe,bafyreigppenmwvk6lwspvflstslztlumeexcwm3xdppri46bv7yvi7vrmy,did:plc:uq756minlpf64zvdzt4xqjwq,at://did:plc:uq756minlpf64zvdzt4xqjwq/app.bsky.feed.post/3llcj2gxr222a,,True,bafyreigppenmwvk6lwspvflstslztlumeexcwm3xdppri46bv7yvi7vrmy.jpeg,/NS/decentralized-social-media_dataset1/nobackup/dataset_nsfw_firehose_pds_all/images/bafyreigppenmwvk6lwspvflstslztlumeexcwm3xdppri46bv7yvi7vrmy.jpeg,https://raw.githubusercontent.com/Ines-Abdelaziz/bsky-survey-images/main/images/bafyreigppenmwvk6lwspvflstslztlumeexcwm3xdppri46bv7yvi7vrmy.jpeg,,disagreement in unsafe type,0,False
49,unsafe,bafyreih6rm2mg2tyz272z3wxfcsmk7v3hjv3thjjlpo5w7jpruiegiyhmm,did:plc:m4r36ybsdn3l4jc4nm2cig26,at://did:plc:m4r36ybsdn3l4jc4nm2cig26/app.bsky.feed.post/3lqh5wc265c2j,"Going to the beach and this is all I’m wearing 🤭 happy #scs xxx

#gay #gayuk #gayasian #twink #uncut #softcocksaturday",True,bafyreih6rm2mg2tyz272z3wxfcsmk7v3hjv3thjjlpo5w7jpruiegiyhmm.jpeg,/NS/decentralized-social-media_dataset1/nobackup/dataset_nsfw_firehose_pds_all/images/bafyreih6rm2mg2tyz272z3wxfcsmk7v3hjv3thjjlpo5w7jpruiegiyhmm.jpeg,https://raw.githubusercontent.com/Ines-Abdelaziz/bsky-survey-images/main/images/bafyreih6rm2mg2tyz272z3wxfcsmk7v3hjv3thjjlpo5w7jpruiegiyhmm.jpeg,,disagreement in unsafe type,0,False
50,unsafe,bafyreigomux6i5i6vz5hfh5u7dapp6hydhjt7ctxt5zgrg3kbbdq64qexq,did:plc:egg7ei6hfh7qmjvkxmxgkml3,at://did:plc:egg7ei6hfh7qmjvkxmxgkml3/app.bsky.feed.post/3lkohejqcps2k,btw im getting wrist wraps for the gym my gayass limp wrists are hindering the actual weight i can handle,False,,,,,disagreement in unsafe type,0,False
51,safe,bafyreie7rhfobzs6p4e452bwn37q3i4am443psxdp5dvmtxy4tcx22pjue,did:plc:w2syvwtdu4hwkscr7ihgi4wb,at://did:plc:w2syvwtdu4hwkscr7ihgi4wb/app.bsky.feed.post/3loosluclq22m,"Freya Cameo High Apex Bra
This high-apex bra brings a chic look with the Cameo range's contemporary stripes that adds an elegant touch to great everyday lingerie. From Freya, this bra provides a flattering fit with full co...
BUY NOW!
£17.00
https://bellelingerie.link/hl6ZRpA1i",True,bafkreicgkbnll7p3sug5bowafk32vmurs5vylemk43co7zaaszq7qxdi3i.png,/NS/decentralized-social-media_dataset/nobackup/dataset_complete_labels/images/bafkreicgkbnll7p3sug5bowafk32vmurs5vylemk43co7zaaszq7qxdi3i.png,https://raw.githubusercontent.com/Ines-Abdelaziz/bsky-survey-images/main/images/bafkreicgkbnll7p3sug5bowafk32vmurs5vylemk43co7zaaszq7qxdi3i.png,sexual,,7,False
52,safe,bafyreidueqz336hpmwu67hl4nfhqjvaj4hpgeowx3ello2h3anclw2kwca,did:plc:gmiqa6eovlof2lnpekxv2vbf,at://did:plc:gmiqa6eovlof2lnpekxv2vbf/app.bsky.feed.post/3ll6ye2rmhk2q,,True,bafkreiawaqlnmopjqhlfd6lxs57r3norxt2dtj7sa6nyhqlthognnjz45a.jpg,/NS/decentralized-social-media_dataset/nobackup/dataset_complete_labels/images/bafkreiawaqlnmopjqhlfd6lxs57r3norxt2dtj7sa6nyhqlthognnjz45a.jpg,https://raw.githubusercontent.com/Ines-Abdelaziz/bsky-survey-images/main/images/bafkreiawaqlnmopjqhlfd6lxs57r3norxt2dtj7sa6nyhqlthognnjz45a.jpg,sexual,,7,False
53,safe,bafyreifqleypzufk2u77jxmfivkbgo2bzl7wuuvzz5lafzdfdec2tyheum,did:plc:tbal7gbuwlds7ly4obaic3wi,at://did:plc:tbal7gbuwlds7ly4obaic3wi/app.bsky.feed.post/3lkousijirc2m,Praia boa!,True,bafkreib3dkuy7lbsqibruljq5dlvyslxntyn3b2op36xim7q2iwqbuck6q.jpg,/NS/decentralized-social-media_dataset/nobackup/dataset_complete_labels/images/bafkreib3dkuy7lbsqibruljq5dlvyslxntyn3b2op36xim7q2iwqbuck6q.jpg,https://raw.githubusercontent.com/Ines-Abdelaziz/bsky-survey-images/main/images/bafkreib3dkuy7lbsqibruljq5dlvyslxntyn3b2op36xim7q2iwqbuck6q.jpg,sexual,,7,False
54,safe,bafyreiglb36w6vfwfxotvbhnago3sqqexr4cbtcdm6s5tclh2iwsim6dwq,did:plc:fukraqcauggb2nratqjotv7g,at://did:plc:fukraqcauggb2nratqjotv7g/app.bsky.feed.post/3lpunybhfis2o,,True,bafkreihhoezxbztpmk6dqao57z6njyna3qk6pnih6rcsl72pezb4nq6rnu.jpg,/NS/decentralized-social-media_dataset/nobackup/dataset_complete_labels/images/bafkreihhoezxbztpmk6dqao57z6njyna3qk6pnih6rcsl72pezb4nq6rnu.jpg,https://raw.githubusercontent.com/Ines-Abdelaziz/bsky-survey-images/main/images/bafkreihhoezxbztpmk6dqao57z6njyna3qk6pnih6rcsl72pezb4nq6rnu.jpg,sexual,,7,False
55,safe,bafyreiezsgihlzadmf2r72kn7dxsr4vr2lpbtjykcvx3lmhkgs3bhpzdoy,did:plc:w2syvwtdu4hwkscr7ihgi4wb,at://did:plc:w2syvwtdu4hwkscr7ihgi4wb/app.bsky.feed.post/3ll33hieyjd2n,"Calvin Klein Bonded Flex Balconette Bra
This innovative balconette bra from Calvin Klein's Bonded Flex collection features wire-replacement technology to provide the support you need without ...
BUY NOW!
£44.00
https://lingerie.score.bargains/pants/calvin-klein-bonded-flex-balconette-bra/?id=4983138",True,bafkreifufjjuugcczzlqzegnheu2hujdmkah6xtxadtp7vbecq3qal2z3e.png,/NS/decentralized-social-media_dataset/nobackup/dataset_complete_labels/images/bafkreifufjjuugcczzlqzegnheu2hujdmkah6xtxadtp7vbecq3qal2z3e.png,https://raw.githubusercontent.com/Ines-Abdelaziz/bsky-survey-images/main/images/bafkreifufjjuugcczzlqzegnheu2hujdmkah6xtxadtp7vbecq3qal2z3e.png,sexual,,7,False
56,safe,bafyreicpwhnmaqy6wizby2qzyosuevf2o6iyseqp7l35dkfpy6fazgxdk4,did:plc:pskq2up6c27vmcofubbcddwk,at://did:plc:pskq2up6c27vmcofubbcddwk/app.bsky.feed.post/3lq7qcn4zk22h,"Menstruation is normal. Period.

But for too many, stigma, silence, and lack of access still stand in the way of dignity and health.

This #MenstrualHygieneDay, #RaiseYourVoice is speaking up for safe, affordable, and shame-free periods for all that need it.",True,bafkreiakqx6teadu4hkv5bfnvyzpx64va4pltvqzdd4yz7r3mz4s2bf77u.jpg,/NS/decentralized-social-media_dataset/nobackup/dataset_complete_labels/images/bafkreiakqx6teadu4hkv5bfnvyzpx64va4pltvqzdd4yz7r3mz4s2bf77u.jpg,https://raw.githubusercontent.com/Ines-Abdelaziz/bsky-survey-images/main/images/bafkreiakqx6teadu4hkv5bfnvyzpx64va4pltvqzdd4yz7r3mz4s2bf77u.jpg,sexual,,7,False
57,safe,bafyreifbjlip3zl5ru2j5psm6nu4o2ansark7oslo5rpsfrhqctuyha3j4,did:plc:5ir5am2szqu554hlhp26jcbn,at://did:plc:5ir5am2szqu554hlhp26jcbn/app.bsky.feed.post/3lo4mck7vys2i,Gm,True,bafkreichg7ovwycym6mdda2kswpznq5tlp5u6ts2cv22xmv7y7mfmkd3g4.jpg,/NS/decentralized-social-media_dataset/nobackup/dataset_complete_labels/images/bafkreichg7ovwycym6mdda2kswpznq5tlp5u6ts2cv22xmv7y7mfmkd3g4.jpg,https://raw.githubusercontent.com/Ines-Abdelaziz/bsky-survey-images/main/images/bafkreichg7ovwycym6mdda2kswpznq5tlp5u6ts2cv22xmv7y7mfmkd3g4.jpg,sexual,,7,False
58,safe,bafyreifpkac733fajcpaxsyzpf4wc7s4ywvqsglhu4mygbj3pjwb7qvdue,did:plc:ij6heoxnghn4ih7rz77l5hs3,at://did:plc:ij6heoxnghn4ih7rz77l5hs3/app.bsky.feed.post/3lps4x7cgnc2j,You need mental health support. Therapy and meds,False,,,,rude,,7,True
59,safe,bafyreih2zfbe4y7wuqo44lnr2pz7uo3jghalkgo2hr7gcbkkljxck3mr3m,did:plc:ztj22mmrdxo7lrqwxdznbh6p,at://did:plc:ztj22mmrdxo7lrqwxdznbh6p/app.bsky.feed.post/3lp64ohy7kk2w,Okay charmander in glasses. Nobody asked.,False,,,,rude,,7,True
60,safe,bafyreihnxetlu4viqmqiohpuo2elxddiuhiavrffsw4kb33q3xv5mkspdm,did:plc:yxa7fomsbma5vhvnmohqkdqf,at://did:plc:yxa7fomsbma5vhvnmohqkdqf/app.bsky.feed.post/3lqedvkju3c23,You're a monkey? Wait a minute... Are you somehow posting from a typewriter?,False,,,,rude,,7,True
61,safe,bafyreig4rdszgawcov53xcg24pxh5ls6om74vca7q3l6udcqh5ewvd3kze,did:plc:mdxe7kd2k3aqt3jmpytaugpt,at://did:plc:mdxe7kd2k3aqt3jmpytaugpt/app.bsky.feed.post/3lphh25ipic22,"Seems good to me. Too many hospitals really, especially in poor neighborhoods.",False,,,,rude,,7,True
62,safe,bafyreiayvtdmol3vrsxz4akuocbbn6zxoydhj4t546wyns6aaezfbqobkq,did:plc:ggb6dtsoihzfrfuj4q2l6wyl,at://did:plc:ggb6dtsoihzfrfuj4q2l6wyl/app.bsky.feed.post/3lmdg3nojyc2i,Leave.,False,,,,rude,,7,True
63,safe,bafyreickjl56on2bbbegnrxviw5i3r6xba5ogp5yjej3yi6l2mfkkfaeca,did:plc:zrv6elopkb4u76743ksqq3jb,at://did:plc:zrv6elopkb4u76743ksqq3jb/app.bsky.feed.post/3lobskrvfac2r,"Are you are one, you should know.",False,,,,intolerant,,7,True
64,safe,bafyreidrzchxkadf25owblnp53cstup2oiufxx4nuuud6tmcc5awet4syy,did:plc:hlfv7rsyggqdfvfwjksd6f7j,at://did:plc:hlfv7rsyggqdfvfwjksd6f7j/app.bsky.feed.post/3ll62wlyuzs22,He is a man 😂😂😂😂,False,,,,intolerant,,7,True
65,safe,bafyreiarkzggmijgw26qaf4tdouzftfie64ecqvhq33yo7wcnxbyy63uaq,did:plc:pozskcprjftz36cy3paaverp,at://did:plc:pozskcprjftz36cy3paaverp/app.bsky.feed.post/3lpfdfytvmk2u,"Bro I didn’t true gendered myself, 🤦🏿I meant to say that I have pronounced you with your true gender BROTHER please don’t get me wrong MAN,DUDE,BUDDY,Brother MAN,PAL",False,,,,intolerant,,7,True
66,safe,bafyreibk572tjlzkfpxuxdy73vtxepfxbvjcbqx6qwr7qj75xjkudzdxdy,did:plc:bauhgtpjahyvuiq3dtbdkudc,at://did:plc:bauhgtpjahyvuiq3dtbdkudc/app.bsky.feed.post/3lkwjaxwovc2c,"Day 11

S1 E11 ""All the Best Cowboys Have Daddy Issues""

""The Charlie death fake-out managed to trick me. Props."" S",True,bafkreiahfmlx7jl7wc2ir75f3t5e4gg5ffhe355f7yvhkdz64ztfqg2iyy.jpg,/NS/decentralized-social-media_dataset/nobackup/dataset_complete_labels/images/bafkreiahfmlx7jl7wc2ir75f3t5e4gg5ffhe355f7yvhkdz64ztfqg2iyy.jpg,https://raw.githubusercontent.com/Ines-Abdelaziz/bsky-survey-images/main/images/bafkreiahfmlx7jl7wc2ir75f3t5e4gg5ffhe355f7yvhkdz64ztfqg2iyy.jpg,graphic-media,,7,True
67,safe,bafyreiay72kho6khbvp7f6s7rj37xsqyzpqeokrnd6yxwpjdy6tu6dpzyy,did:plc:lrush3be66o5fwjs7acpcxmd,at://did:plc:lrush3be66o5fwjs7acpcxmd/app.bsky.feed.post/3lmhfhyu7hk2w,Donny and his family picture in about *checks watch* 12 months,True,bafkreicbr26y3twyc2gkxo6tkx4lxx5wldm4o4xfzhmlsti3i5mv4cvqfa.jpg,/NS/decentralized-social-media_dataset/nobackup/dataset_complete_labels/images/bafkreicbr26y3twyc2gkxo6tkx4lxx5wldm4o4xfzhmlsti3i5mv4cvqfa.jpg,https://raw.githubusercontent.com/Ines-Abdelaziz/bsky-survey-images/main/images/bafkreicbr26y3twyc2gkxo6tkx4lxx5wldm4o4xfzhmlsti3i5mv4cvqfa.jpg,graphic-media,,7,True
68,safe,bafyreialdvh4dr3ncgqxshlfsmmasrmo7mugtqdqw44frg5pnivzfjency,did:plc:tlldmlfnag5wk4imqtyt3yms,at://did:plc:tlldmlfnag5wk4imqtyt3yms/app.bsky.feed.post/3lnfd5yd56h2q,"Arrival in Kong of New French West Africa Governor Louis-gustave Binger in 1892, in Northern Present Day Côte D'ivoire https://www.wikiart.org/en/edouard-riou/arrival-in-kong-of-new-french-west-africa-governor-louis-gustave-binger-in-1892-in-northern-present-1892",True,bafkreigcf2nfwzusevmwp2r4djoeunhggpkyg2gyqfpumu4242lszzk7sy.jpg,/NS/decentralized-social-media_dataset/nobackup/dataset_complete_labels/images/bafkreigcf2nfwzusevmwp2r4djoeunhggpkyg2gyqfpumu4242lszzk7sy.jpg,https://raw.githubusercontent.com/Ines-Abdelaziz/bsky-survey-images/main/images/bafkreigcf2nfwzusevmwp2r4djoeunhggpkyg2gyqfpumu4242lszzk7sy.jpg,graphic-media,,7,False
69,safe,bafyreicxwwvv2hhleffoikbkvd7j4a2xcnnhb4e67fxecyrcwcb7lhmcai,did:plc:k5g2ma6e2ilrgecxzgiymeva,at://did:plc:k5g2ma6e2ilrgecxzgiymeva/app.bsky.feed.post/3lpdldackrc2y,this month is reaaaaal good for me commissions wise,True,bafkreief7naolgxgynxd5nlbqzode5oglhew5zmhvnofeh2ty3z2qzg4ua.jpg,/NS/decentralized-social-media_dataset/nobackup/dataset_complete_labels/images/bafkreief7naolgxgynxd5nlbqzode5oglhew5zmhvnofeh2ty3z2qzg4ua.jpg,https://raw.githubusercontent.com/Ines-Abdelaziz/bsky-survey-images/main/images/bafkreief7naolgxgynxd5nlbqzode5oglhew5zmhvnofeh2ty3z2qzg4ua.jpg,porn,,7,False
70,safe,bafyreihqy42xwfrer47jrkeuchjpz7tpc55kk2aql7tkw5sadhyifdip2u,did:plc:howccl7qexbqtvqpjrd7l4fg,at://did:plc:howccl7qexbqtvqpjrd7l4fg/app.bsky.feed.post/3lq2yqimgrs2v,"Amidst a vibrant cityscape, a stunning woman stands in front of a breathtaking graffiti wall that bursts with color. As sunlight dances on the brilliant shades of reds, blues, yellows, and greens, it's clear this moment is a reminder that every day can be as colorful as we choose to make it.",True,bafkreie5z7xw3opzjiq3kuu7ewiizjo3gtdvka4ppixy4vbhi4orjxemdi.jpg,/NS/decentralized-social-media_dataset/nobackup/dataset_complete_labels/images/bafkreie5z7xw3opzjiq3kuu7ewiizjo3gtdvka4ppixy4vbhi4orjxemdi.jpg,https://raw.githubusercontent.com/Ines-Abdelaziz/bsky-survey-images/main/images/bafkreie5z7xw3opzjiq3kuu7ewiizjo3gtdvka4ppixy4vbhi4orjxemdi.jpg,porn,,7,False
71,safe,bafyreib4tvj4fyvzvkftolz2jgnn24tiukkcujcjpbkqy4gczmi5gzzv6i,did:plc:qlrdoqnkwxblvaqzcvtwsrug,at://did:plc:qlrdoqnkwxblvaqzcvtwsrug/app.bsky.feed.post/3lpqbk5kmqc22,,True,bafkreicbyyzzvlagrzwsaqlxb7ci42fyr3gt3s2wgnelwmcz52q3rgcwta.jpg,/NS/decentralized-social-media_dataset/nobackup/dataset_complete_labels/images/bafkreicbyyzzvlagrzwsaqlxb7ci42fyr3gt3s2wgnelwmcz52q3rgcwta.jpg,https://raw.githubusercontent.com/Ines-Abdelaziz/bsky-survey-images/main/images/bafkreicbyyzzvlagrzwsaqlxb7ci42fyr3gt3s2wgnelwmcz52q3rgcwta.jpg,porn,,7,False
72,safe,bafyreibe6a5hstgpwuj4rlhen54nsiiuykj6csfx5madmkrquvmm3psc4q,did:plc:6gr4v5niw4bq7shzz7dp2m23,at://did:plc:6gr4v5niw4bq7shzz7dp2m23/app.bsky.feed.post/3llcifrkuoc2x,"Old drawing of Phoenix from Dota 2.

Man, I wish this game's characters got more attention.",True,bafkreihs5zfklfjl6rg7zwg3qxxyebok6urn4fksygdoil7e4g7sohyil4.jpg,/NS/decentralized-social-media_dataset/nobackup/dataset_complete_labels/images/bafkreihs5zfklfjl6rg7zwg3qxxyebok6urn4fksygdoil7e4g7sohyil4.jpg,https://raw.githubusercontent.com/Ines-Abdelaziz/bsky-survey-images/main/images/bafkreihs5zfklfjl6rg7zwg3qxxyebok6urn4fksygdoil7e4g7sohyil4.jpg,sexual-figurative,,7,False
73,safe,bafyreigpu246ngjl7gp4tldoi345rbmgt3475thdvf5bcmvtx3jln4f4ni,did:plc:qtjo3qqvfsz4nrf4jaqky4rt,at://did:plc:qtjo3qqvfsz4nrf4jaqky4rt/app.bsky.feed.post/3lpg3abpgok2a,Hungry owl,True,bafkreiexbktekyjpr6hno2gdtc2vvn72gqixvoegk23mtjpgddbxrgrga4.jpg,/NS/decentralized-social-media_dataset/nobackup/dataset_complete_labels/images/bafkreiexbktekyjpr6hno2gdtc2vvn72gqixvoegk23mtjpgddbxrgrga4.jpg,https://raw.githubusercontent.com/Ines-Abdelaziz/bsky-survey-images/main/images/bafkreiexbktekyjpr6hno2gdtc2vvn72gqixvoegk23mtjpgddbxrgrga4.jpg,sexual-figurative,,7,False
74,safe,bafyreidfn5nefwze7ppzgntro2y4hgy3sipq5jxrrnnswm22v7lkiocrt4,did:plc:njwoawqlvvzd2v56bpbopbx6,at://did:plc:njwoawqlvvzd2v56bpbopbx6/app.bsky.feed.post/3lpi5c36sns2x,My father and brother had prostate cancer. Healing wishes to Joe Biden🙏🏽,True,bafkreifbdko3flvicu2aj5kbno2stde3pn6shsctle77fsaidhr7u2wuiy.jpg,/NS/decentralized-social-media_dataset/nobackup/dataset_complete_labels/images/bafkreifbdko3flvicu2aj5kbno2stde3pn6shsctle77fsaidhr7u2wuiy.jpg,https://raw.githubusercontent.com/Ines-Abdelaziz/bsky-survey-images/main/images/bafkreifbdko3flvicu2aj5kbno2stde3pn6shsctle77fsaidhr7u2wuiy.jpg,nudity,,7,True
75,safe,bafyreiflpxnbjwwtvwxhxe5txb2zqrxhn2mibftokw4e624aogz25cq5m4,did:plc:qrwdq6h22w646q7shqb4idqx,at://did:plc:qrwdq6h22w646q7shqb4idqx/app.bsky.feed.post/3lnw3m3umq22h,"6:04 PM ""Bissau"" by 𝐅𝐫𝐚𝐧𝐜𝐢𝐬 𝐁𝐞𝐛𝐞𝐲
from 𝑃𝑠𝑦𝑐ℎ𝑒𝑑𝑒𝑙𝑖𝑐 𝑆𝑎𝑛𝑧𝑎 (1982-1984) (Born Bad Records) #nowplaying",True,bafkreifxjkp6xwxrw6u2j62fry5cpl3utlcgunwcw5ccaor7q6uatimyk4.jpg,/NS/decentralized-social-media_dataset/nobackup/dataset_complete_labels/images/bafkreifxjkp6xwxrw6u2j62fry5cpl3utlcgunwcw5ccaor7q6uatimyk4.jpg,https://raw.githubusercontent.com/Ines-Abdelaziz/bsky-survey-images/main/images/bafkreifxjkp6xwxrw6u2j62fry5cpl3utlcgunwcw5ccaor7q6uatimyk4.jpg,nudity,,7,False
76,unsafe,bafyreidezol26455akja746nacy4iqpefxtnjgg7p4jhjjcxnhtoamyfti,did:plc:mxfuftfdns2k5r43hah3i4by,at://did:plc:mxfuftfdns2k5r43hah3i4by/app.bsky.feed.post/3llyhnzjalk2q,FCF! I’ve got a fatty for ya. 😈😈😈 #suckit #fcf #fatcock #dad #cocksuckerswanted,True,bafkreidbv5nn2n5k67kpfjpm2vt2qlksg2ggd47yo554no4jxf2vu3q4ni.jpg,/NS/decentralized-social-media_dataset/nobackup/dataset_complete_labels/images/bafkreidbv5nn2n5k67kpfjpm2vt2qlksg2ggd47yo554no4jxf2vu3q4ni.jpg,https://raw.githubusercontent.com/Ines-Abdelaziz/bsky-survey-images/main/images/bafkreidbv5nn2n5k67kpfjpm2vt2qlksg2ggd47yo554no4jxf2vu3q4ni.jpg,porn,Set 5: All predict unsafe and most agree with Bsky,0,False
77,unsafe,bafyreidgtdugrgnrjhxgrymx5w73cjq2wbqhcfoqyrubwhu3kfpnbc7fxi,did:plc:h6euswon5vwx7avqtu2d2gtd,at://did:plc:h6euswon5vwx7avqtu2d2gtd/app.bsky.feed.post/3lkya4wqcrk25,,True,bafkreidruo25fmw64gk577hh72ary6ufkanmv4l574fwiy5pcgszvhhdym.jpg,/NS/decentralized-social-media_dataset/nobackup/dataset_complete_labels/images/bafkreidruo25fmw64gk577hh72ary6ufkanmv4l574fwiy5pcgszvhhdym.jpg,https://raw.githubusercontent.com/Ines-Abdelaziz/bsky-survey-images/main/images/bafkreidruo25fmw64gk577hh72ary6ufkanmv4l574fwiy5pcgszvhhdym.jpg,sexual,Set 5: All predict unsafe and most agree with Bsky,0,True
78,unsafe,bafyreib3mxrbd5uhtmqhzkjcoq4xemom3ispszzdbryz2qz5qamwr3voem,did:plc:di7fyfzlwzmmrigbaldt7xti,at://did:plc:di7fyfzlwzmmrigbaldt7xti/app.bsky.feed.post/3lp7qum7tx22j,Why didn't you just go to your direct punchline in your first sentence and leave it at that? But then you started to think that you were going to verbally attack her. You probably should sit down because there are a lot of other people out here who could rip you apart for your little comment. 🤦 POS!,False,,,,rude,Set 5: All predict unsafe and most agree with Bsky,0,True
79,unsafe,bafyreidb4iib2pb2egy2iq7t3ex4q4pt5ja2ca3sg7tqw3pylzjmg5j66y,did:plc:nxwmtzzdituqqy4mavgqa4mi,at://did:plc:nxwmtzzdituqqy4mavgqa4mi/app.bsky.feed.post/3lpfnbzeehk2w,No dick is safe from me and @belahbunny.bsky.social double-teaming butts~,True,bafkreic4uwazrqkyrrggbdsyvop3zm6fd7hlr56zjyc7qmtz3jeppgc4qq.jpg,/NS/decentralized-social-media_dataset/nobackup/dataset_complete_labels/images/bafkreic4uwazrqkyrrggbdsyvop3zm6fd7hlr56zjyc7qmtz3jeppgc4qq.jpg,https://raw.githubusercontent.com/Ines-Abdelaziz/bsky-survey-images/main/images/bafkreic4uwazrqkyrrggbdsyvop3zm6fd7hlr56zjyc7qmtz3jeppgc4qq.jpg,porn,Set 5: All predict unsafe and most agree with Bsky,0,False
80,unsafe,bafyreiev4yly7xvvm7lfihb2monsitjrov3hmdexyr4yv3gh57iyrjzllu,did:plc:veh2arphahmphuuqtq6wejoz,at://did:plc:veh2arphahmphuuqtq6wejoz/app.bsky.feed.post/3ln4dnlhjd62j,"I Need A Real #cock Up The #ass 🥒🍑😘   

#sissy #crossdresser #trans #tgirl #ts #cd #tv #gurl #gurls  #fembois  #Femboy #sissies #crossdressers #tgirls #crossdress #crossdressing #sissytraning #sissygirls  #crossdresserslut 
#sissy #tgirls #femboi",True,bafkreibsefbm3fkexn7exogb74ldklhosueqjux3mjtyc7jjyrjqm2dh4q.jpg,/NS/decentralized-social-media_dataset/nobackup/dataset_complete_labels/images/bafkreibsefbm3fkexn7exogb74ldklhosueqjux3mjtyc7jjyrjqm2dh4q.jpg,https://raw.githubusercontent.com/Ines-Abdelaziz/bsky-survey-images/main/images/bafkreibsefbm3fkexn7exogb74ldklhosueqjux3mjtyc7jjyrjqm2dh4q.jpg,porn,Set 5: All predict unsafe and most agree with Bsky,0,False
81,unsafe,bafyreib4exs2q6l3x67y2auwze7f6wg5zh3xexk62jtccruva4ahbmqvpi,did:plc:4iphurkb7jwaclolttd476h2,at://did:plc:4iphurkb7jwaclolttd476h2/app.bsky.feed.post/3llnje5tzps2q,WIP,True,bafkreifvpzv2yxpr2rnbavdls234e56t5lytjbf7ssrtrhivvz6rexhfoy.jpg,/NS/decentralized-social-media_dataset/nobackup/dataset_complete_labels/images/bafkreifvpzv2yxpr2rnbavdls234e56t5lytjbf7ssrtrhivvz6rexhfoy.jpg,https://raw.githubusercontent.com/Ines-Abdelaziz/bsky-survey-images/main/images/bafkreifvpzv2yxpr2rnbavdls234e56t5lytjbf7ssrtrhivvz6rexhfoy.jpg,sexual,Set 5: All predict unsafe and most agree with Bsky,0,False
82,unsafe,bafyreihrlflffmjkex52ywiajkm5rpoxrsjrpilo7vsdxpgdbzx7gojgsy,did:plc:z2lil5b6rn4t7ugxzfc2jveo,at://did:plc:z2lil5b6rn4t7ugxzfc2jveo/app.bsky.feed.post/3lovcz3qmvs2w,,True,bafkreiawhyx5i5gfckdz5iznqnbzqdtckobvhabxdtix7ea5tw33mey2ru.jpg,/NS/decentralized-social-media_dataset/nobackup/dataset_complete_labels/images/bafkreiawhyx5i5gfckdz5iznqnbzqdtckobvhabxdtix7ea5tw33mey2ru.jpg,https://raw.githubusercontent.com/Ines-Abdelaziz/bsky-survey-images/main/images/bafkreiawhyx5i5gfckdz5iznqnbzqdtckobvhabxdtix7ea5tw33mey2ru.jpg,porn,Set 5: All predict unsafe and most agree with Bsky,0,False
83,unsafe,bafyreidhglzjn6guy2qdqdnvonxnv3skotqh6eodkltaa24vkzpnp74aum,did:plc:rkgl4ivkmaaxwh26rkhin5wm,at://did:plc:rkgl4ivkmaaxwh26rkhin5wm/app.bsky.feed.post/3lp6uqoyqi22y,,True,bafkreidjuveqdmtepdbd4lloa5d76g6pk4jmcua3r4us536l42qvxddvne.jpg,/NS/decentralized-social-media_dataset/nobackup/dataset_complete_labels/images/bafkreidjuveqdmtepdbd4lloa5d76g6pk4jmcua3r4us536l42qvxddvne.jpg,https://raw.githubusercontent.com/Ines-Abdelaziz/bsky-survey-images/main/images/bafkreidjuveqdmtepdbd4lloa5d76g6pk4jmcua3r4us536l42qvxddvne.jpg,sexual,Set 4: All predict unsafe and agree with Bsky,0,False
84,unsafe,bafyreihbakufocasixdsl7leqpgnb6tz63sbxfdtw24q3dmgz67rafxyv4,did:plc:ngx7shnwo7vv57jeitsxvkyc,at://did:plc:ngx7shnwo7vv57jeitsxvkyc/app.bsky.feed.post/3lounb6c5xk2s,"Just imagine, we fuck, I’m pregnant now, then you come to cuddle in bed and I’m waiting like thissss😘🖤

#trans #femboy #nsfw #slut #cuddles",True,bafkreibhlbpgeqahbvf4f7diib7o4wevwca7dhxcvrl557ynz6kbtypniy.jpg,/NS/decentralized-social-media_dataset/nobackup/dataset_complete_labels/images/bafkreibhlbpgeqahbvf4f7diib7o4wevwca7dhxcvrl557ynz6kbtypniy.jpg,https://raw.githubusercontent.com/Ines-Abdelaziz/bsky-survey-images/main/images/bafkreibhlbpgeqahbvf4f7diib7o4wevwca7dhxcvrl557ynz6kbtypniy.jpg,sexual,Set 4: All predict unsafe and agree with Bsky,0,False
85,unsafe,bafyreiboa7xjmy3fdys66lkv4b26vcuxjvok4l6p2sdrmwe7akttfoheey,did:plc:wfu7jtdn3f7ank4psbrcddfk,at://did:plc:wfu7jtdn3f7ank4psbrcddfk/app.bsky.feed.post/3lmdtzfjmp22m,"Thanks for throwing women under the bus. Transwomen are biological men, and men don’t belong in women’s sports. You are going to lose this one, because: reality.",False,,,,intolerant,Set 4: All predict unsafe and agree with Bsky,0,True
86,unsafe,bafyreig3y66llfsf6mvkbwlhhqilfku2mnetkuzthll3ybvg42exkyuc4y,did:plc:hpmkeuwlnbpeglyecxmsvole,at://did:plc:hpmkeuwlnbpeglyecxmsvole/app.bsky.feed.post/3llspxrpri22n,As long as democrats keep pushing trans lunacy they won't ever win a presidency 🤣,False,,,,intolerant,Set 4: All predict unsafe and agree with Bsky,0,True
87,unsafe,bafyreiggtgonvinjzxdxpdj5v55snsz2iqbvrflx2nfopagzxkyqm5k3dm,did:plc:xep35bhyr4eehvrzbrdr3rqn,at://did:plc:xep35bhyr4eehvrzbrdr3rqn/app.bsky.feed.post/3lmqwh3gdis2r,"@realDonaldTrump
For God’s sake get real! #YourBuddyPUTIN is not
interested in your understanding of ‘Peace’! His view
of ‘Peace’ is destroying #Ukraine & the removal of a
democratically elected President in the shape of
@ZelenskyyUa.
#PUTIN must be stopped!
Save lives in #Ukraine!",True,bafkreicjliwo7yd572hf5rl5v5jkztxietnrwc43iloeorllujj32xjj2i.jpg,/NS/decentralized-social-media_dataset/nobackup/dataset_complete_labels/images/bafkreicjliwo7yd572hf5rl5v5jkztxietnrwc43iloeorllujj32xjj2i.jpg,https://raw.githubusercontent.com/Ines-Abdelaziz/bsky-survey-images/main/images/bafkreicjliwo7yd572hf5rl5v5jkztxietnrwc43iloeorllujj32xjj2i.jpg,graphic-media,Set 4: All predict unsafe and agree with Bsky,0,False
88,unsafe,bafyreih4p46xzxdnmvbnqlbrdd7pqzzm5x6ejyxvvojv4bw3yg7wfyp4ti,did:plc:qurfhmlwqjdc263icuoonwql,at://did:plc:qurfhmlwqjdc263icuoonwql/app.bsky.feed.post/3lo6ouka2q22p,"@ulalakissma.bsky.social 

Exotic Goddess 🔥 😈",True,bafkreid4mu3vdf2aexes6yl6fncqhc5msklleriqyvjeyejwaity2ly5jy.jpg,/NS/decentralized-social-media_dataset/nobackup/dataset_complete_labels/images/bafkreid4mu3vdf2aexes6yl6fncqhc5msklleriqyvjeyejwaity2ly5jy.jpg,https://raw.githubusercontent.com/Ines-Abdelaziz/bsky-survey-images/main/images/bafkreid4mu3vdf2aexes6yl6fncqhc5msklleriqyvjeyejwaity2ly5jy.jpg,sexual,Set 4: All predict unsafe and agree with Bsky,0,True
89,unsafe,bafyreiddboz4tb3edsefcx67de7lz6iooq3rkrtiq6owghjz3vdml3tzlq,did:plc:ynntjde5avpzpnksuxxhavy6,at://did:plc:ynntjde5avpzpnksuxxhavy6/app.bsky.feed.post/3lotf4nwdws2j,"It has been a while since they have seen each other, but some friendships age like wine—with a little extra teasing and a lot of inside jokes.

(a collab with one of my first ffxiv friends @atlusxiv.bsky.social ♡)

#ffxivnsfw | #ffxivlewds | #xivnsfw",True,bafkreigbimxteyfdcxr3lvkiljcy42q44fqvzqrjwkqbt4ch2fmuwn26pe.jpg,/NS/decentralized-social-media_dataset/nobackup/dataset_complete_labels/images/bafkreigbimxteyfdcxr3lvkiljcy42q44fqvzqrjwkqbt4ch2fmuwn26pe.jpg,https://raw.githubusercontent.com/Ines-Abdelaziz/bsky-survey-images/main/images/bafkreigbimxteyfdcxr3lvkiljcy42q44fqvzqrjwkqbt4ch2fmuwn26pe.jpg,sexual-figurative,Set 6: All predict unsafe and some agree with Bsky,0,False
90,unsafe,bafyreidhmkru6rjfi3bffdjzlnsianqv2n5nynqtifum2e72ypzshwhevm,did:plc:wa7hzg5w2p7gt6kfchl7z4pm,at://did:plc:wa7hzg5w2p7gt6kfchl7z4pm/app.bsky.feed.post/3llgddtzlq22e,"Ash

Smile that could light up a room

#inked
#photoshoot #photography #nude #gels",True,bafkreiadwfqhsyyphtfjp4yjhxquyv56hqp6gjo7kjhan7cozol6atb5yy.jpg,/NS/decentralized-social-media_dataset/nobackup/dataset_complete_labels/images/bafkreiadwfqhsyyphtfjp4yjhxquyv56hqp6gjo7kjhan7cozol6atb5yy.jpg,https://raw.githubusercontent.com/Ines-Abdelaziz/bsky-survey-images/main/images/bafkreiadwfqhsyyphtfjp4yjhxquyv56hqp6gjo7kjhan7cozol6atb5yy.jpg,nudity,Set 6: All predict unsafe and some agree with Bsky,0,False
91,unsafe,bafyreihrf4ifr22erzj3m2yefjuzc7h5wg4nfq5kzatkgo7atggnhls3t4,did:plc:vcesiwnizjmxnebnneurq6zc,at://did:plc:vcesiwnizjmxnebnneurq6zc/app.bsky.feed.post/3lmh375wuo22w,"Beach day 💦 
#boy #gay #gayboy #twink #hunk #hot #man #male #model #naked #young #muscles #twunk #ia #ai #gaymen #gym #love #cute #cuteboy #gymboy  #kiss #gaykiss #gaylove",True,bafkreihl4jpc2bzddho3g5d2kmkupdqv54myd4c4ngiwarpm4is36eqh3q.jpg,/NS/decentralized-social-media_dataset/nobackup/dataset_complete_labels/images/bafkreihl4jpc2bzddho3g5d2kmkupdqv54myd4c4ngiwarpm4is36eqh3q.jpg,https://raw.githubusercontent.com/Ines-Abdelaziz/bsky-survey-images/main/images/bafkreihl4jpc2bzddho3g5d2kmkupdqv54myd4c4ngiwarpm4is36eqh3q.jpg,porn,Set 6: All predict unsafe and some agree with Bsky,0,False
92,unsafe,bafyreidr56mcsy3qgkh6q7m2ycvlpm7fhje7z6cw6bjb27iwxicqbioc6y,did:plc:p32aaojed43dxbcc2hm5el3e,at://did:plc:p32aaojed43dxbcc2hm5el3e/app.bsky.feed.post/3loqu3iyv2c2n,"📷
.
.
.
#maleform #malebody #malenudephotography #malephotography #nudemale #malephoto #homoerotic #gayphotography #malenude #malemodel #male #men #photoshoot",True,bafkreic6ew7mshkpx4knq3jf74oysyrjfqa3zjrkw623fhz4gfcwsijtnq.jpg,/NS/decentralized-social-media_dataset/nobackup/dataset_complete_labels/images/bafkreic6ew7mshkpx4knq3jf74oysyrjfqa3zjrkw623fhz4gfcwsijtnq.jpg,https://raw.githubusercontent.com/Ines-Abdelaziz/bsky-survey-images/main/images/bafkreic6ew7mshkpx4knq3jf74oysyrjfqa3zjrkw623fhz4gfcwsijtnq.jpg,porn,Set 6: All predict unsafe and some agree with Bsky,0,False
93,unsafe,bafyreih2in3mj73supznmzgtxp35qzw5xbx27v4vs6mcphrofwaak3yfse,did:plc:7p6udvchhsuqkxrevkuhu3pe,at://did:plc:7p6udvchhsuqkxrevkuhu3pe/app.bsky.feed.post/3lotkhihdi22c,"Thirst of all…..

#gay #cumdump #bottom #ass #cum #himbo #boypussy #rawfuckboy #gayboy #butt #gaythong #goodboy #justahole #gaybutt #anal #hehimhole #slideinme #bareback #cumslut #queer #rawislaw #hole #thong #cuminmebro #gaynsfw #gaybottom",True,bafkreiazpjq5vnajypojtsbsnmskgvfem5yf3imjjjm2binofl4frsf4my.jpg,/NS/decentralized-social-media_dataset/nobackup/dataset_complete_labels/images/bafkreiazpjq5vnajypojtsbsnmskgvfem5yf3imjjjm2binofl4frsf4my.jpg,https://raw.githubusercontent.com/Ines-Abdelaziz/bsky-survey-images/main/images/bafkreiazpjq5vnajypojtsbsnmskgvfem5yf3imjjjm2binofl4frsf4my.jpg,porn,Set 6: All predict unsafe and some agree with Bsky,0,False
94,unsafe,bafyreichassicktjlp3pgfm6vmhmlrhtal6gdv7ao2huy4izqrs7hcrffa,did:plc:6llp7q6dd5tyqgicgn7jhygx,at://did:plc:6llp7q6dd5tyqgicgn7jhygx/app.bsky.feed.post/3llvgftdvjs2q,Worth a shot Ig ^^,True,bafkreidmwk3nzoqq2n73a65gakt56ssohprweahvebkzwuwnlwylfurav4.jpg,/NS/decentralized-social-media_dataset/nobackup/dataset_complete_labels/images/bafkreidmwk3nzoqq2n73a65gakt56ssohprweahvebkzwuwnlwylfurav4.jpg,https://raw.githubusercontent.com/Ines-Abdelaziz/bsky-survey-images/main/images/bafkreidmwk3nzoqq2n73a65gakt56ssohprweahvebkzwuwnlwylfurav4.jpg,porn,Set 6: All predict unsafe and some agree with Bsky,0,True
95,unsafe,bafyreibswlxraj2i6thzzobrisqjuqv6fz4n7rabakgp4ttdqymzse23he,did:plc:2cdl7riu5i6wieb4lrwnzjn7,at://did:plc:2cdl7riu5i6wieb4lrwnzjn7/app.bsky.feed.post/3lnvo5nwpts2a,Or you could just shut the fuck up because you’re probably like 19% Jewish anyways. Maybe dont tie your identity to your ethnicity. Fuck. But go off. Because it gets it gets you engagement.,False,,,,rude,Set 8: All predict unsafe and agree but not with Bsky,0,True
96,unsafe,bafyreig2mvcqkyiqfozssjoh6f5efteftxibqnzk2k4loln5mg2sy7m2jy,did:plc:3zhftscgtprebw33bcmjwrob,at://did:plc:3zhftscgtprebw33bcmjwrob/app.bsky.feed.post/3lq3iulzyq22w,,True,bafkreig73d2gaoeqqh7fwa3bj2ozpuzvl3ragtpwfg2x5oxsft2t4dt7cq.jpg,/NS/decentralized-social-media_dataset/nobackup/dataset_complete_labels/images/bafkreig73d2gaoeqqh7fwa3bj2ozpuzvl3ragtpwfg2x5oxsft2t4dt7cq.jpg,https://raw.githubusercontent.com/Ines-Abdelaziz/bsky-survey-images/main/images/bafkreig73d2gaoeqqh7fwa3bj2ozpuzvl3ragtpwfg2x5oxsft2t4dt7cq.jpg,porn,Set 8: All predict unsafe and agree but not with Bsky,0,False
97,unsafe,bafyreih2groj44nu7bxwohxbmudiuwcckevweq62l2ais7ephb6d23w3si,did:plc:rjou7zzksjychy6rbyh6gjcy,at://did:plc:rjou7zzksjychy6rbyh6gjcy/app.bsky.feed.post/3lmuctjhlck2o,Happy Titty Tuesday! Can you help clean me up? 😋,True,bafkreidh35mjpb3wkh5y2ewv74qjkhf6k63blb2nxf6mb2ihgqpj7yn6hy.jpg,/NS/decentralized-social-media_dataset/nobackup/dataset_complete_labels/images/bafkreidh35mjpb3wkh5y2ewv74qjkhf6k63blb2nxf6mb2ihgqpj7yn6hy.jpg,https://raw.githubusercontent.com/Ines-Abdelaziz/bsky-survey-images/main/images/bafkreidh35mjpb3wkh5y2ewv74qjkhf6k63blb2nxf6mb2ihgqpj7yn6hy.jpg,porn,Set 8: All predict unsafe and agree but not with Bsky,0,False
98,unsafe,bafyreifyhskbliwlup577f6pjc2fkbiklle7wmdosivyds3akbwfjvpyti,did:plc:s5knzxqhx2iffd5adc3w2isz,at://did:plc:s5knzxqhx2iffd5adc3w2isz/app.bsky.feed.post/3lpnzkiebm22o,"Just known that I could be 6ft and scary in these, but I choose to be on my knees for you",True,bafkreifnbadgsf3stlze2np6atqfsiego3iotouisnbzrc3uim6t4zguii.jpg,/NS/decentralized-social-media_dataset/nobackup/dataset_complete_labels/images/bafkreifnbadgsf3stlze2np6atqfsiego3iotouisnbzrc3uim6t4zguii.jpg,https://raw.githubusercontent.com/Ines-Abdelaziz/bsky-survey-images/main/images/bafkreifnbadgsf3stlze2np6atqfsiego3iotouisnbzrc3uim6t4zguii.jpg,nudity,Set 8: All predict unsafe and agree but not with Bsky,0,False
99,unsafe,bafyreiaofyyrj7xqaxmnfomres2hc4peffdu7zbnxsdu4zpregkp7hlmha,did:plc:duznev5zspptksut33xzhrus,at://did:plc:duznev5zspptksut33xzhrus/app.bsky.feed.post/3lmrdqjk3x225,"Have a great week, friends.",True,bafkreifuchklhkrear26mou3vmxgudzhgmfacfel4c477nzwqpiidxpnli.jpg,/NS/decentralized-social-media_dataset/nobackup/dataset_complete_labels/images/bafkreifuchklhkrear26mou3vmxgudzhgmfacfel4c477nzwqpiidxpnli.jpg,https://raw.githubusercontent.com/Ines-Abdelaziz/bsky-survey-images/main/images/bafkreifuchklhkrear26mou3vmxgudzhgmfacfel4c477nzwqpiidxpnli.jpg,porn,Set 7: All predict unsafe but disagreement among predictions and with Bsky,0,False
100,unsafe,bafyreieypb3w37upfobehmem3jwv3k2zonenjkl3pgz2j43wy7numrjq44,did:plc:bebjjo24dxw3xcszbdhms6nx,at://did:plc:bebjjo24dxw3xcszbdhms6nx/app.bsky.feed.post/3lnfkbbgtg224,Been like two months since I've drawn much. Whoops.,True,bafkreihwylpw4rcqpn3ipqhym2bgyu647tcv53lqurlyh5w4cbf5sl5fsu.jpg,/NS/decentralized-social-media_dataset/nobackup/dataset_complete_labels/images/bafkreihwylpw4rcqpn3ipqhym2bgyu647tcv53lqurlyh5w4cbf5sl5fsu.jpg,https://raw.githubusercontent.com/Ines-Abdelaziz/bsky-survey-images/main/images/bafkreihwylpw4rcqpn3ipqhym2bgyu647tcv53lqurlyh5w4cbf5sl5fsu.jpg,porn,Set 7: All predict unsafe but disagreement among predictions and with Bsky,0,False
